bank_entry_id,bank_reference,narration,credit_amount_minor,debit_amount_minor,currency,value_date,settlement_timestamp
BNK_3276,CMS/YESB/RZP-PO-748305,CMS/RZP-PO-748305/ZOMA,80800,0,INR,2026-03-12,2026-03-12T16:00:00+00:00
BNK_3187,RTGS/HDFC/RZP-BATCH-341063,RTGS/RZP-BATCH-341063/MERCHANT-SETTLE,171540,0,INR,2026-03-09,2026-03-09T18:48:00+00:00
BNK_3292,CMS/KKBK/RZP-PO-633032,CMS/RZP-PO-633032/UBER,8680,0,INR,2026-03-04,2026-03-04T15:27:00+00:00
BNK_3176,CMS/KKBK/RZP-PO-411487,NEFT/RZP-PO-411487/SETTL/NYKA,141198,0,INR,2026-03-17,2026-03-17T18:35:00+00:00
BNK_3284,CMS/UTIB/RZP-PO-590589,CMS/RZP-PO-590589/RELI,159300,0,INR,2026-03-12,2026-03-12T12:53:00+00:00
BNK_3255,RTGS/HDFC/RZP-BATCH-793488,RTGS/RZP-BATCH-793488/MERCHANT-SETTLE,274617,0,INR,2026-03-22,2026-03-22T20:46:00+00:00
BNK_3383,CMS/SBIN/RZP-REV-753342,CMS/RZP-REV-753342/ADJUSTED/MYNT,80692,0,INR,2026-03-19,2026-03-19T11:22:00+00:00
BNK_3068,CMS/KKBK/RZP-PO-293690,CMS/RZP-PO-293690/MYNT,30290,0,INR,2026-03-08,2026-03-08T17:05:00+00:00
BNK_3263,CMS/ICIC/RZP-PO-794394,CMS/RZP-PO-794394/RELI,81620,0,INR,2026-03-13,2026-03-13T13:42:00+00:00
BNK_3129,UPI/7367**/HDFC,UPI/CR/7367**/MYNTPAY/0039482710/RZPNOISY736765,107026,0,INR,2026-03-18,2026-03-18T17:35:00+00:00
BNK_3386,CMS/SBIN/RZP-PO-294193,NEFT/RZP-PO-294193/SETTL/AMZN,107375,0,INR,2026-03-05,2026-03-05T12:27:00+00:00
BNK_3300,CMS/HDFC/RZP-PO-223572,NEFT/RZP-PO-223572/SETTL/TATA,22760,0,INR,2026-03-02,2026-03-02T09:07:00+00:00
BNK_3396,CMS/KKBK/RZP-PO-218675,CMS/RZP-PO-218675/NYKA,13540,0,INR,2026-03-19,2026-03-19T14:17:00+00:00
BNK_3349,CMS/YESB/RZP-PO-271634,NEFT/RZP-PO-271634/SETTL/MYNT,162639,0,INR,2026-03-02,2026-03-02T05:52:00+00:00
BNK_3016,CMS/YESB/RZP-PO-917967,CMS/RZP-PO-917967/RELI,166460,0,INR,2026-03-13,2026-03-13T23:51:00+00:00
BNK_3079,CMS/HDFC/RZP-PO-663195,CMS/RZP-PO-663195/FLIP,100100,0,INR,2026-03-11,2026-03-11T00:38:00+00:00
BNK_3277,CMS/ICIC/RZP-PO-246725,CMS/RZP-PO-246725/MYNT,230840,0,INR,2026-03-18,2026-03-18T19:32:00+00:00
BNK_3110,GENERIC/SETTLE/SBIN,GENERIC SETTLEMENT CREDIT 127569,217730,0,INR,2026-03-19,2026-03-19T16:35:00+00:00
BNK_3041,NEFT/ICIC/RZP-SPLIT-195179/PART2,NEFT/RZP-SPLIT-195179/PART2/TATA,38877,0,INR,2026-03-11,2026-03-11T13:13:00+00:00
BNK_3393,RTGS/YESB/RZP-BATCH-714537,RTGS/RZP-BATCH-714537/MERCHANT-SETTLE,429036,0,INR,2026-03-15,2026-03-15T01:24:00+00:00
BNK_3193,CMS/HDFC/RZP-REV-522017,CMS/RZP-REV-522017/ADJUSTED/TATA,185843,0,INR,2026-03-09,2026-03-09T13:02:00+00:00
BNK_3228,CMS/ICIC/RZP-PO-898754,CMS/RZP-PO-898754/ZOMA,171880,0,INR,2026-03-17,2026-03-17T21:56:00+00:00
BNK_3132,CMS/ICIC/RZP-PO-837322,CMS/RZP-PO-837322/NYKA,19700,0,INR,2026-03-12,2026-03-12T16:26:00+00:00
BNK_3225,CMS/ICIC/RZP-MAL-157872,CMS/RZP-MAL-157872/UBER,190060,0,INR,2026-03-01,2026-03-01T22:00:00+00:00
BNK_3069,GENERIC/SETTLE/ICIC,GENERIC SETTLEMENT CREDIT 441654,237690,0,INR,2026-03-06,2026-03-06T01:44:00+00:00
BNK_3118,CMS/YESB/RZP-PO-956581,NEFT/RZP-PO-956581/SETTL/ZOMA,99769,0,INR,2026-03-17,2026-03-17T03:40:00+00:00
BNK_3090,CMS/ICIC/RZP-PO-499943,CMS/RZP-PO-499943/TATA,59600,0,INR,2026-03-02,2026-03-02T06:05:00+00:00
BNK_3026,CMS/ICIC/RZP-PO-223475,CMS/RZP-PO-223475/SWIG,24160,0,INR,2026-03-18,2026-03-18T11:41:00+00:00
BNK_3192,CMS/ICIC/RZP-ERR-216740,CMS/RZP-ERR-216740/FLIP,88780,0,INR,2026-03-01,2026-03-01T18:03:00+00:00
BNK_3388,CMS/YESB/RZP-MAL-256955,CMS/RZP-MAL-256955/FLIP,66740,0,INR,2026-03-16,2026-03-16T10:58:00+00:00
BNK_3161,CMS/YESB/RZP-PO-348204,NEFT/RZP-PO-348204/SETTL/NYKA,63232,0,INR,2026-03-08,2026-03-08T12:42:00+00:00
BNK_3101,NEFT/ICIC/RZP-SPLIT-559143/PART1,NEFT/RZP-SPLIT-559143/PART1/RELI,27195,0,INR,2026-03-13,2026-03-13T21:00:00+00:00
BNK_3179,CMS/ICIC/RZP-PO-664201,CMS/RZP-PO-664201/TATA,238490,0,INR,2026-03-02,2026-03-02T10:51:00+00:00
BNK_3036,RTGS/YESB/RZP-BATCH-180027,RTGS/RZP-BATCH-180027/MERCHANT-SETTLE,313816,0,INR,2026-03-22,2026-03-22T10:35:00+00:00
BNK_3086,CMS/YESB/RZP-REV-651936,CMS/RZP-REV-651936/ADJUSTED/SWIG,138669,0,INR,2026-03-22,2026-03-22T12:28:00+00:00
BNK_3322,NEFT/UTIB/RZP-SPLIT-552084/PART2,NEFT/RZP-SPLIT-552084/PART2/FLIP,4758,0,INR,2026-03-21,2026-03-21T15:38:00+00:00
BNK_3005,CMS/KKBK/RZP-ERR-830125,CMS/RZP-ERR-830125/FLIP,249440,0,INR,2026-03-21,2026-03-21T08:57:00+00:00
BNK_3027,CMS/SBIN/RZP-PO-186322,CMS/RZP-PO-186322/RELI,82210,0,INR,2026-03-15,2026-03-15T14:50:00+00:00
BNK_3059,CMS/ICIC/RZP-PO-517420,CMS/RZP-PO-517420/SWIG,197580,0,INR,2026-03-14,2026-03-14T22:22:00+00:00
BNK_3210,RTGS/YESB/RZP-BATCH-854214,RTGS/RZP-BATCH-854214/MERCHANT-SETTLE,102185,0,INR,2026-03-20,2026-03-20T14:35:00+00:00
BNK_3296,UPI/7053**/UTIB,UPI/CR/7053**/RELIPAY/0039482710/RZPNOISY705309,127518,0,INR,2026-03-02,2026-03-02T01:46:00+00:00
BNK_3305,CMS/SBIN/RZP-PO-120935,CMS/RZP-PO-120935/TATA,9500,0,INR,2026-03-17,2026-03-17T14:19:00+00:00
BNK_3123,RTGS/KKBK/RZP-BATCH-706105,RTGS/RZP-BATCH-706105/MERCHANT-SETTLE,314729,0,INR,2026-03-18,2026-03-18T06:55:00+00:00
BNK_3368,CMS/HDFC/RZP-PO-206817,CMS/RZP-PO-206817/TATA,124590,0,INR,2026-03-11,2026-03-11T08:10:00+00:00
BNK_3343,NEFT/UTIB/RZP-SPLIT-325441/PART2,NEFT/RZP-SPLIT-325441/PART2/AMZN,60050,0,INR,2026-03-21,2026-03-21T10:35:00+00:00
BNK_3183,RTGS/ICIC/RZP-BATCH-224429,RTGS/RZP-BATCH-224429/MERCHANT-SETTLE,168943,0,INR,2026-03-19,2026-03-19T06:33:00+00:00
BNK_3294,CMS/ICIC/RZP-PO-768017,CMS/RZP-PO-768017/UBER,84050,0,INR,2026-03-08,2026-03-08T23:03:00+00:00
BNK_3382,CMS/UTIB/RZP-PO-398218,CMS/RZP-PO-398218/ZOMA,15660,0,INR,2026-03-05,2026-03-05T00:18:00+00:00
BNK_3283,RTGS/KKBK/RZP-BATCH-717773,RTGS/RZP-BATCH-717773/MERCHANT-SETTLE,69257,0,INR,2026-03-06,2026-03-06T16:24:00+00:00
BNK_3147,CMS/KKBK/RZP-PO-992584,NEFT/RZP-PO-992584/SETTL/ZOMA,19734,0,INR,2026-03-15,2026-03-15T06:42:00+00:00
BNK_3371,UPI/7547**/KKBK,UPI/CR/7547**/NYKAPAY/0039482710/RZPNOISY754733,118139,0,INR,2026-03-14,2026-03-14T09:33:00+00:00
BNK_3181,CMS/UTIB/RZP-DUP-683587,CMS/RZP-DUP-683587/AMZN,12590,0,INR,2026-03-03,2026-03-03T02:34:00+00:00
BNK_3047,CMS/HDFC/RZP-PO-802851,CMS/RZP-PO-802851/RELI,96070,0,INR,2026-03-06,2026-03-06T11:02:00+00:00
BNK_3308,NEFT/KKBK/RZP-SPLIT-454158/PART1,NEFT/RZP-SPLIT-454158/PART1/TATA,47064,0,INR,2026-03-16,2026-03-16T14:39:00+00:00
BNK_3125,CMS/HDFC/RZP-PO-388808,CMS/RZP-PO-388808/TATA,173390,0,INR,2026-03-21,2026-03-21T16:29:00+00:00
BNK_3262,CMS/YESB/RZP-PO-460743,NEFT/RZP-PO-460743/SETTL/UBER,105364,0,INR,2026-03-12,2026-03-12T02:26:00+00:00
BNK_3261,GENERIC/SETTLE/SBIN,GENERIC SETTLEMENT CREDIT 130780,71740,0,INR,2026-03-05,2026-03-05T11:26:00+00:00
BNK_3333,CMS/HDFC/RZP-PO-654397,NEFT/RZP-PO-654397/SETTL/SWIG,138669,0,INR,2026-03-18,2026-03-18T07:24:00+00:00
BNK_3302,CMS/HDFC/RZP-PO-512035,NEFT/RZP-PO-512035/SETTL/BLNK,194324,0,INR,2026-03-06,2026-03-06T04:30:00+00:00
BNK_3357,NEFT/HDFC/RZP-SPLIT-511834/PART1,NEFT/RZP-SPLIT-511834/PART1/TATA,106369,0,INR,2026-03-11,2026-03-11T05:18:00+00:00
BNK_3394,CMS/HDFC/RZP-PO-220145,NEFT/RZP-PO-220145/SETTL/SWIG,64082,0,INR,2026-03-15,2026-03-15T06:24:00+00:00
BNK_3306,RTGS/HDFC/RZP-BATCH-620687,RTGS/RZP-BATCH-620687/MERCHANT-SETTLE,223098,0,INR,2026-03-19,2026-03-19T11:01:00+00:00
BNK_3154,CMS/YESB/RZP-PO-858948,CMS/RZP-PO-858948/AMZN,233380,0,INR,2026-03-11,2026-03-11T08:28:00+00:00
BNK_3271,CMS/YESB/RZP-PO-632092,CMS/RZP-PO-632092/UBER,200380,0,INR,2026-03-21,2026-03-21T10:17:00+00:00
BNK_3340,RTGS/UTIB/RZP-BATCH-759094,RTGS/RZP-BATCH-759094/MERCHANT-SETTLE,199460,0,INR,2026-03-17,2026-03-17T02:22:00+00:00
BNK_3175,CMS/KKBK/RZP-PO-395600,CMS/RZP-PO-395600/UBER,72040,0,INR,2026-03-04,2026-03-04T14:40:00+00:00
BNK_3131,CMS/HDFC/RZP-PO-791149,NEFT/RZP-PO-791149/SETTL/RELI,181591,0,INR,2026-03-06,2026-03-06T21:11:00+00:00
BNK_3376,CMS/SBIN/RZP-PO-594859,CMS/RZP-PO-594859/BLNK,151030,0,INR,2026-03-17,2026-03-17T15:24:00+00:00
BNK_3237,CMS/ICIC/RZP-PO-236800,CMS/RZP-PO-236800/ZOMA,155980,0,INR,2026-03-04,2026-03-04T20:22:00+00:00
BNK_3130,RTGS/SBIN/RZP-BATCH-977929,RTGS/RZP-BATCH-977929/MERCHANT-SETTLE,356153,0,INR,2026-03-11,2026-03-11T07:13:00+00:00
BNK_3204,NEFT/UTIB/RZP-SPLIT-497237/PART1,NEFT/RZP-SPLIT-497237/PART1/AMZN,81075,0,INR,2026-03-19,2026-03-19T20:29:00+00:00
BNK_3337,CMS/KKBK/RZP-PO-411768,CMS/RZP-PO-411768/SWIG,165060,0,INR,2026-03-22,2026-03-22T00:37:00+00:00
BNK_3144,CMS/ICIC/RZP-PO-884827,CMS/RZP-PO-884827/UBER,39140,0,INR,2026-03-12,2026-03-12T22:16:00+00:00
BNK_3266,UPI/9123**/SBIN,UPI/CR/9123**/SWIGPAY/0039482710/RZPNOISY912308,62946,0,INR,2026-03-13,2026-03-13T04:22:00+00:00
BNK_3149,CMS/KKBK/RZP-PO-309764,CMS/RZP-PO-309764/RELI,142040,0,INR,2026-03-04,2026-03-04T00:01:00+00:00
BNK_3344,NEFT/ICIC/RZP-SPLIT-552827/PART1,NEFT/RZP-SPLIT-552827/PART1/UBER,44267,0,INR,2026-03-04,2026-03-04T02:13:00+00:00
BNK_3289,CMS/ICIC/RZP-PO-751676,NEFT/RZP-PO-751676/SETTL/RELI,172853,0,INR,2026-03-10,2026-03-10T10:20:00+00:00
BNK_3156,CMS/HDFC/RZP-REV-260511,CMS/RZP-REV-260511/ADJUSTED/UBER,68406,0,INR,2026-03-05,2026-03-05T12:17:00+00:00
BNK_3180,RTGS/ICIC/RZP-BATCH-930772,RTGS/RZP-BATCH-930772/MERCHANT-SETTLE,346147,0,INR,2026-03-11,2026-03-11T04:17:00+00:00
BNK_3316,CMS/KKBK/RZP-PO-469131,NEFT/RZP-PO-469131/SETTL/RELI,51955,0,INR,2026-03-06,2026-03-06T12:15:00+00:00
BNK_3198,NEFT/KKBK/RZP-DELAY-699311,NEFT/RZP-DELAY-699311/FLIP,96040,0,INR,2026-03-20,2026-03-20T13:44:00+00:00
BNK_3278,CMS/ICIC/RZP-PO-388250,NEFT/RZP-PO-388250/SETTL/SWIG,81549,0,INR,2026-03-04,2026-03-04T11:57:00+00:00
BNK_3345,NEFT/ICIC/RZP-SPLIT-552827/PART2,NEFT/RZP-SPLIT-552827/PART2/UBER,44267,0,INR,2026-03-04,2026-03-04T06:13:00+00:00
BNK_3209,CMS/UTIB/RZP-PO-577571,CMS/RZP-PO-577571/BLNK,25110,0,INR,2026-03-09,2026-03-09T20:28:00+00:00
BNK_3023,CMS/HDFC/RZP-REV-813046,CMS/RZP-REV-813046/ADJUSTED/FLIP,101768,0,INR,2026-03-07,2026-03-07T08:39:00+00:00
BNK_3310,CMS/ICIC/RZP-PO-737265,CMS/RZP-PO-737265/NYKA,125780,0,INR,2026-03-17,2026-03-17T13:15:00+00:00
BNK_3222,CMS/SBIN/RZP-PO-429399,CMS/RZP-PO-429399/UBER,74240,0,INR,2026-03-15,2026-03-15T22:44:00+00:00
BNK_3216,RTGS/UTIB/RZP-BATCH-131989,RTGS/RZP-BATCH-131989/MERCHANT-SETTLE,239709,0,INR,2026-03-14,2026-03-14T01:42:00+00:00
BNK_3134,RTGS/ICIC/RZP-BATCH-502655,RTGS/RZP-BATCH-502655/MERCHANT-SETTLE,170717,0,INR,2026-03-10,2026-03-10T10:54:00+00:00
BNK_3307,CMS/HDFC/RZP-PO-846774,CMS/RZP-PO-846774/AMZN,32170,0,INR,2026-03-09,2026-03-09T21:40:00+00:00
BNK_3182,CMS/UTIB/RZP-PO-949889,NEFT/RZP-PO-949889/SETTL/AMZN,115265,0,INR,2026-03-12,2026-03-12T11:06:00+00:00
BNK_3067,RTGS/HDFC/RZP-BATCH-343564,RTGS/RZP-BATCH-343564/MERCHANT-SETTLE,304703,0,INR,2026-03-11,2026-03-11T10:46:00+00:00
BNK_3122,CMS/HDFC/RZP-PO-167234,NEFT/RZP-PO-167234/SETTL/NYKA,76755,0,INR,2026-03-13,2026-03-13T08:46:00+00:00
BNK_3265,RTGS/KKBK/RZP-BATCH-575028,RTGS/RZP-BATCH-575028/MERCHANT-SETTLE,340885,0,INR,2026-03-10,2026-03-10T19:08:00+00:00
BNK_3270,CMS/YESB/RZP-PO-826793,NEFT/RZP-PO-826793/SETTL/TATA,195984,0,INR,2026-03-10,2026-03-10T19:04:00+00:00
BNK_3126,RTGS/ICIC/RZP-BATCH-187520,RTGS/RZP-BATCH-187520/MERCHANT-SETTLE,345893,0,INR,2026-03-22,2026-03-22T18:43:00+00:00
BNK_3194,CMS/HDFC/RZP-PO-824742,CMS/RZP-PO-824742/BLNK,187330,0,INR,2026-03-22,2026-03-22T07:27:00+00:00
BNK_3085,CMS/SBIN/RZP-REV-662833,CMS/RZP-REV-662833/ADJUSTED/UBER,110644,0,INR,2026-03-22,2026-03-22T01:22:00+00:00
BNK_3022,CMS/UTIB/RZP-PO-515109,NEFT/RZP-PO-515109/SETTL/AMZN,192156,0,INR,2026-03-15,2026-03-15T10:03:00+00:00
BNK_3136,UPI/5899**/YESB,UPI/CR/5899**/AMZNPAY/0039482710/RZPNOISY589900,143110,0,INR,2026-03-12,2026-03-12T19:41:00+00:00
BNK_3319,CMS/KKBK/RZP-PO-312156,NEFT/RZP-PO-312156/SETTL/UBER,187499,0,INR,2026-03-10,2026-03-10T05:38:00+00:00
BNK_3214,CMS/SBIN/RZP-DUP-593359,CMS/RZP-DUP-593359/SWIG,61120,0,INR,2026-03-20,2026-03-20T10:23:00+00:00
BNK_3226,NEFT/HDFC/RZP-SPLIT-152759/PART1,NEFT/RZP-SPLIT-152759/PART1/BLNK,103160,0,INR,2026-03-10,2026-03-10T15:08:00+00:00
BNK_3252,NEFT/KKBK/RZP-DELAY-323535,NEFT/RZP-DELAY-323535/FLIP,154110,0,INR,2026-03-13,2026-03-13T05:34:00+00:00
BNK_3039,CMS/UTIB/RZP-PO-209420,CMS/RZP-PO-209420/NYKA,111130,0,INR,2026-03-17,2026-03-17T12:32:00+00:00
BNK_3174,NEFT/ICIC/RZP-SPLIT-779984/PART2,NEFT/RZP-SPLIT-779984/PART2/FLIP,20512,0,INR,2026-03-23,2026-03-23T02:59:00+00:00
BNK_3081,CMS/SBIN/RZP-PO-140476,NEFT/RZP-PO-140476/SETTL/UBER,46057,0,INR,2026-03-18,2026-03-18T11:46:00+00:00
BNK_3082,CMS/YESB/RZP-DUP-494130,CMS/RZP-DUP-494130/MYNT,143410,0,INR,2026-03-18,2026-03-18T21:41:00+00:00
BNK_3112,NEFT/ICIC/RZP-DELAY-841970,NEFT/RZP-DELAY-841970/MYNT,183500,0,INR,2026-03-12,2026-03-12T07:57:00+00:00
BNK_3272,CMS/KKBK/RZP-PO-334909,CMS/RZP-PO-334909/TATA,36400,0,INR,2026-03-16,2026-03-16T23:05:00+00:00
BNK_3011,CMS/UTIB/RZP-PO-982022,CMS/RZP-PO-982022/NYKA,38070,0,INR,2026-03-03,2026-03-03T10:29:00+00:00
BNK_3379,RTGS/YESB/RZP-BATCH-363504,RTGS/RZP-BATCH-363504/MERCHANT-SETTLE,128900,0,INR,2026-03-06,2026-03-06T19:39:00+00:00
BNK_3155,CMS/ICIC/RZP-PO-191713,CMS/RZP-PO-191713/AMZN,170720,0,INR,2026-03-07,2026-03-07T16:05:00+00:00
BNK_3089,RTGS/HDFC/RZP-BATCH-117992,RTGS/RZP-BATCH-117992/MERCHANT-SETTLE,280075,0,INR,2026-03-23,2026-03-23T04:27:00+00:00
BNK_3049,NEFT/HDFC/RZP-SPLIT-114163/PART1,NEFT/RZP-SPLIT-114163/PART1/RELI,27852,0,INR,2026-03-07,2026-03-07T09:51:00+00:00
BNK_3297,CMS/SBIN/RZP-DUP-403567,CMS/RZP-DUP-403567/AMZN,31250,0,INR,2026-03-21,2026-03-21T05:21:00+00:00
BNK_3367,CMS/KKBK/RZP-PO-913526,NEFT/RZP-PO-913526/SETTL/ZOMA,82487,0,INR,2026-03-19,2026-03-19T06:22:00+00:00
BNK_3381,CMS/KKBK/RZP-ERR-604338,CMS/RZP-ERR-604338/ZOMA,71900,0,INR,2026-03-06,2026-03-06T15:33:00+00:00
BNK_3256,NEFT/KKBK/RZP-SPLIT-639705/PART1,NEFT/RZP-SPLIT-639705/PART1/BLNK,28420,0,INR,2026-03-18,2026-03-18T18:58:00+00:00
BNK_3315,CMS/ICIC/RZP-DUP-580057,CMS/RZP-DUP-580057/UBER,213730,0,INR,2026-03-12,2026-03-12T03:00:00+00:00
BNK_3091,RTGS/HDFC/RZP-BATCH-448343,RTGS/RZP-BATCH-448343/MERCHANT-SETTLE,317953,0,INR,2026-03-03,2026-03-03T15:48:00+00:00
BNK_3374,GENERIC/SETTLE/KKBK,GENERIC SETTLEMENT CREDIT 444379,152240,0,INR,2026-03-10,2026-03-10T18:56:00+00:00
BNK_3165,NEFT/KKBK/RZP-SPLIT-479260/PART2,NEFT/RZP-SPLIT-479260/PART2/AMZN,42733,0,INR,2026-03-18,2026-03-18T06:03:00+00:00
BNK_3025,UPI/5127**/SBIN,UPI/CR/5127**/AMZNPAY/0039482710/RZPNOISY512774,57458,0,INR,2026-03-16,2026-03-16T03:52:00+00:00
BNK_3115,NEFT/UTIB/RZP-SPLIT-910229/PART1,NEFT/RZP-SPLIT-910229/PART1/UBER,58829,0,INR,2026-03-05,2026-03-05T11:04:00+00:00
BNK_3273,CMS/UTIB/RZP-MAL-180931,CMS/RZP-MAL-180931/ZOMA,11850,0,INR,2026-03-22,2026-03-22T16:42:00+00:00
BNK_3066,NEFT/SBIN/RZP-DELAY-791485,NEFT/RZP-DELAY-791485/AMZN,72360,0,INR,2026-03-21,2026-03-21T02:41:00+00:00
BNK_3114,CMS/SBIN/RZP-ERR-285532,CMS/RZP-ERR-285532/UBER,90400,0,INR,2026-03-15,2026-03-15T15:43:00+00:00
BNK_3325,RTGS/KKBK/RZP-BATCH-480020,RTGS/RZP-BATCH-480020/MERCHANT-SETTLE,138191,0,INR,2026-03-07,2026-03-07T20:25:00+00:00
BNK_3233,CMS/SBIN/RZP-PO-953955,CMS/RZP-PO-953955/AMZN,212420,0,INR,2026-03-23,2026-03-23T07:08:00+00:00
BNK_3329,NEFT/HDFC/RZP-DELAY-175618,NEFT/RZP-DELAY-175618/UBER,166080,0,INR,2026-03-11,2026-03-11T02:47:00+00:00
BNK_3293,UPI/6033**/HDFC,UPI/CR/6033**/TATAPAY/0039482710/RZPNOISY603377,54773,0,INR,2026-03-09,2026-03-09T16:02:00+00:00
BNK_3055,RTGS/KKBK/RZP-BATCH-596321,RTGS/RZP-BATCH-596321/MERCHANT-SETTLE,197579,0,INR,2026-03-08,2026-03-08T16:00:00+00:00
BNK_3219,CMS/YESB/RZP-DUP-926185,CMS/RZP-DUP-926185/TATA,50640,0,INR,2026-03-19,2026-03-19T05:40:00+00:00
BNK_3158,GENERIC/SETTLE/SBIN,GENERIC SETTLEMENT CREDIT 342059,210320,0,INR,2026-03-14,2026-03-14T22:37:00+00:00
BNK_3009,RTGS/ICIC/RZP-BATCH-455188,RTGS/RZP-BATCH-455188/MERCHANT-SETTLE,85085,0,INR,2026-03-09,2026-03-09T16:37:00+00:00
BNK_3372,RTGS/SBIN/RZP-BATCH-595032,RTGS/RZP-BATCH-595032/MERCHANT-SETTLE,207889,0,INR,2026-03-14,2026-03-14T05:43:00+00:00
BNK_3303,CMS/YESB/RZP-PO-110492,CMS/RZP-PO-110492/UBER,46130,0,INR,2026-03-15,2026-03-15T07:46:00+00:00
BNK_3045,CMS/YESB/RZP-REV-506709,CMS/RZP-REV-506709/ADJUSTED/FLIP,32769,0,INR,2026-03-19,2026-03-19T03:25:00+00:00
BNK_3153,CMS/UTIB/RZP-PO-613681,CMS/RZP-PO-613681/MYNT,207510,0,INR,2026-03-19,2026-03-19T17:44:00+00:00
BNK_3309,NEFT/KKBK/RZP-SPLIT-454158/PART2,NEFT/RZP-SPLIT-454158/PART2/TATA,47065,0,INR,2026-03-16,2026-03-16T18:39:00+00:00
BNK_3160,CMS/YESB/RZP-PO-182228,NEFT/RZP-PO-182228/SETTL/SWIG,35483,0,INR,2026-03-08,2026-03-08T00:52:00+00:00
BNK_3342,NEFT/UTIB/RZP-SPLIT-325441/PART1,NEFT/RZP-SPLIT-325441/PART1/AMZN,60049,0,INR,2026-03-21,2026-03-21T06:35:00+00:00
BNK_3286,NEFT/ICIC/RZP-DELAY-935727,NEFT/RZP-DELAY-935727/FLIP,72030,0,INR,2026-03-11,2026-03-11T15:29:00+00:00
BNK_3285,CMS/KKBK/RZP-PO-127026,CMS/RZP-PO-127026/SWIG,223750,0,INR,2026-03-14,2026-03-14T10:35:00+00:00
BNK_3148,CMS/KKBK/RZP-PO-214955,CMS/RZP-PO-214955/AMZN,176390,0,INR,2026-03-08,2026-03-08T20:03:00+00:00
BNK_3108,CMS/HDFC/RZP-PO-968289,NEFT/RZP-PO-968289/SETTL/ZOMA,207017,0,INR,2026-03-17,2026-03-17T09:55:00+00:00
BNK_3370,CMS/ICIC/RZP-PO-936639,NEFT/RZP-PO-936639/SETTL/SWIG,118282,0,INR,2026-03-07,2026-03-07T00:12:00+00:00
BNK_3339,CMS/KKBK/RZP-REV-937077,CMS/RZP-REV-937077/ADJUSTED/NYKA,41309,0,INR,2026-03-13,2026-03-13T19:26:00+00:00
BNK_3150,RTGS/HDFC/RZP-BATCH-400715,RTGS/RZP-BATCH-400715/MERCHANT-SETTLE,160535,0,INR,2026-03-19,2026-03-19T02:58:00+00:00
BNK_3235,CMS/SBIN/RZP-PO-301541,CMS/RZP-PO-301541/SWIG,26650,0,INR,2026-03-08,2026-03-08T13:08:00+00:00
BNK_3127,CMS/SBIN/RZP-PO-923774,CMS/RZP-PO-923774/RELI,210090,0,INR,2026-03-09,2026-03-09T03:10:00+00:00
BNK_3064,CMS/UTIB/RZP-PO-697300,CMS/RZP-PO-697300/RELI,113290,0,INR,2026-03-03,2026-03-03T07:41:00+00:00
BNK_3392,CMS/SBIN/RZP-PO-870597,CMS/RZP-PO-870597/NYKA,47690,0,INR,2026-03-02,2026-03-02T20:33:00+00:00
BNK_3004,CMS/ICIC/RZP-PO-295352,CMS/RZP-PO-295352/AMZN,226190,0,INR,2026-03-22,2026-03-22T16:13:00+00:00
BNK_3044,RTGS/UTIB/RZP-BATCH-772354,RTGS/RZP-BATCH-772354/MERCHANT-SETTLE,106448,0,INR,2026-03-15,2026-03-15T15:30:00+00:00
BNK_3238,UPI/5739**/UTIB,UPI/CR/5739**/BLNKPAY/0039482710/RZPNOISY573961,127890,0,INR,2026-03-16,2026-03-16T02:34:00+00:00
BNK_3213,NEFT/HDFC/RZP-DELAY-135798,NEFT/RZP-DELAY-135798/FLIP,5850,0,INR,2026-03-17,2026-03-17T19:25:00+00:00
BNK_3298,CMS/YESB/RZP-PO-830551,CMS/RZP-PO-830551/NYKA,121200,0,INR,2026-03-21,2026-03-21T04:47:00+00:00
BNK_3107,CMS/SBIN/RZP-PO-180988,CMS/RZP-PO-180988/RELI,179350,0,INR,2026-03-16,2026-03-16T16:42:00+00:00
BNK_3335,CMS/KKBK/RZP-REV-379463,CMS/RZP-REV-379463/ADJUSTED/FLIP,71130,0,INR,2026-03-12,2026-03-12T15:01:00+00:00
BNK_3299,CMS/HDFC/RZP-DUP-828466,CMS/RZP-DUP-828466/ZOMA,182680,0,INR,2026-03-09,2026-03-09T00:17:00+00:00
BNK_3001,NEFT/KKBK/RZP-DELAY-606866,NEFT/RZP-DELAY-606866/FLIP,48270,0,INR,2026-03-25,2026-03-25T07:31:00+00:00
BNK_3033,UPI/3985**/SBIN,UPI/CR/3985**/ZOMAPAY/0039482710/RZPNOISY398587,144266,0,INR,2026-03-11,2026-03-11T06:06:00+00:00
BNK_3019,UPI/6348**/KKBK,UPI/CR/6348**/NYKAPAY/0039482710/RZPNOISY634836,243285,0,INR,2026-03-20,2026-03-20T11:18:00+00:00
BNK_3326,UPI/7662**/HDFC,UPI/CR/7662**/BLNKPAY/0039482710/RZPNOISY766275,64112,0,INR,2026-03-13,2026-03-13T17:56:00+00:00
BNK_3100,CMS/UTIB/RZP-REV-959964,CMS/RZP-REV-959964/ADJUSTED/MYNT,10555,0,INR,2026-03-18,2026-03-18T15:55:00+00:00
BNK_3104,NEFT/HDFC/RZP-DELAY-315615,NEFT/RZP-DELAY-315615/BLNK,62090,0,INR,2026-03-09,2026-03-09T19:50:00+00:00
BNK_3028,CMS/YESB/RZP-PO-243772,NEFT/RZP-PO-243772/SETTL/UBER,216908,0,INR,2026-03-16,2026-03-16T22:58:00+00:00
BNK_3171,UPI/8070**/SBIN,UPI/CR/8070**/ZOMAPAY/0039482710/RZPNOISY807031,58967,0,INR,2026-03-02,2026-03-02T18:43:00+00:00
BNK_3169,NEFT/SBIN/RZP-SPLIT-954009/PART1,NEFT/RZP-SPLIT-954009/PART1/UBER,90145,0,INR,2026-03-21,2026-03-21T16:25:00+00:00
BNK_3401,CMS/UTIB/RZP-PO-656027,CMS/RZP-PO-656027/BLNK,28680,0,INR,2026-03-19,2026-03-19T14:41:00+00:00
BNK_3063,RTGS/YESB/RZP-BATCH-108113,RTGS/RZP-BATCH-108113/MERCHANT-SETTLE,144796,0,INR,2026-03-10,2026-03-10T13:24:00+00:00
BNK_3259,NEFT/KKBK/RZP-DELAY-742526,NEFT/RZP-DELAY-742526/FLIP,233410,0,INR,2026-03-07,2026-03-07T01:58:00+00:00
BNK_3096,CMS/KKBK/RZP-PO-633792,CMS/RZP-PO-633792/NYKA,227690,0,INR,2026-03-14,2026-03-14T17:01:00+00:00
BNK_3143,RTGS/HDFC/RZP-BATCH-636155,RTGS/RZP-BATCH-636155/MERCHANT-SETTLE,197413,0,INR,2026-03-09,2026-03-09T20:41:00+00:00
BNK_3395,UPI/2253**/ICIC,UPI/CR/2253**/NYKAPAY/0039482710/RZPNOISY225309,122559,0,INR,2026-03-16,2026-03-16T17:30:00+00:00
BNK_3117,CMS/SBIN/RZP-REV-594787,CMS/RZP-REV-594787/ADJUSTED/SWIG,189712,0,INR,2026-03-15,2026-03-15T11:51:00+00:00
BNK_3116,NEFT/UTIB/RZP-SPLIT-910229/PART2,NEFT/RZP-SPLIT-910229/PART2/UBER,58830,0,INR,2026-03-05,2026-03-05T15:04:00+00:00
BNK_3251,CMS/HDFC/RZP-PO-713623,NEFT/RZP-PO-713623/SETTL/BLNK,149224,0,INR,2026-03-04,2026-03-04T12:55:00+00:00
BNK_3146,CMS/UTIB/RZP-PO-643600,CMS/RZP-PO-643600/TATA,80680,0,INR,2026-03-14,2026-03-14T02:47:00+00:00
BNK_3280,GENERIC/SETTLE/SBIN,GENERIC SETTLEMENT CREDIT 164434,46140,0,INR,2026-03-13,2026-03-13T11:28:00+00:00
BNK_3060,NEFT/UTIB/RZP-DELAY-963367,NEFT/RZP-DELAY-963367/MYNT,49520,0,INR,2026-03-06,2026-03-06T14:57:00+00:00
BNK_3032,CMS/SBIN/RZP-PO-429212,CMS/RZP-PO-429212/ZOMA,208130,0,INR,2026-03-07,2026-03-07T19:11:00+00:00
BNK_3227,NEFT/HDFC/RZP-SPLIT-152759/PART2,NEFT/RZP-SPLIT-152759/PART2/BLNK,103160,0,INR,2026-03-10,2026-03-10T19:08:00+00:00
BNK_3094,CMS/ICIC/RZP-PO-644237,NEFT/RZP-PO-644237/SETTL/SWIG,78191,0,INR,2026-03-10,2026-03-10T19:56:00+00:00
BNK_3157,CMS/KKBK/RZP-PO-101694,NEFT/RZP-PO-101694/SETTL/RELI,26939,0,INR,2026-03-15,2026-03-15T14:58:00+00:00
BNK_3076,NEFT/HDFC/RZP-SPLIT-238598/PART2,NEFT/RZP-SPLIT-238598/PART2/UBER,9977,0,INR,2026-03-03,2026-03-03T11:42:00+00:00
BNK_3054,CMS/ICIC/RZP-PO-881368,CMS/RZP-PO-881368/SWIG,6830,0,INR,2026-03-11,2026-03-11T10:43:00+00:00
BNK_3103,CMS/SBIN/RZP-PO-167138,CMS/RZP-PO-167138/TATA,210620,0,INR,2026-03-11,2026-03-11T04:51:00+00:00
BNK_3375,CMS/HDFC/RZP-PO-841399,NEFT/RZP-PO-841399/SETTL/BLNK,165783,0,INR,2026-03-19,2026-03-19T01:32:00+00:00
BNK_3002,CMS/YESB/RZP-DUP-978252,CMS/RZP-DUP-978252/BLNK,66600,0,INR,2026-03-21,2026-03-21T21:41:00+00:00
BNK_3236,CMS/YESB/RZP-ERR-625753,CMS/RZP-ERR-625753/FLIP,108490,0,INR,2026-03-18,2026-03-18T06:06:00+00:00
BNK_3249,NEFT/SBIN/RZP-SPLIT-267073/PART2,NEFT/RZP-SPLIT-267073/PART2/TATA,18552,0,INR,2026-03-20,2026-03-20T16:50:00+00:00
BNK_3138,CMS/KKBK/RZP-DUP-167909,CMS/RZP-DUP-167909/MYNT,100290,0,INR,2026-03-18,2026-03-18T20:59:00+00:00
BNK_3185,CMS/HDFC/RZP-ERR-228087,CMS/RZP-ERR-228087/BLNK,172140,0,INR,2026-03-08,2026-03-08T12:35:00+00:00
BNK_3034,CMS/KKBK/RZP-PO-920683,NEFT/RZP-PO-920683/SETTL/NYKA,169670,0,INR,2026-03-21,2026-03-21T11:38:00+00:00
BNK_3320,NEFT/KKBK/RZP-DELAY-573500,NEFT/RZP-DELAY-573500/BLNK,96610,0,INR,2026-03-20,2026-03-20T13:45:00+00:00
BNK_3378,RTGS/ICIC/RZP-BATCH-556524,RTGS/RZP-BATCH-556524/MERCHANT-SETTLE,324362,0,INR,2026-03-22,2026-03-22T20:04:00+00:00
BNK_3189,RTGS/ICIC/RZP-BATCH-455913,RTGS/RZP-BATCH-455913/MERCHANT-SETTLE,230066,0,INR,2026-03-19,2026-03-19T05:52:00+00:00
BNK_3323,NEFT/HDFC/RZP-DELAY-367239,NEFT/RZP-DELAY-367239/ZOMA,95280,0,INR,2026-03-16,2026-03-16T21:51:00+00:00
BNK_3248,NEFT/SBIN/RZP-SPLIT-267073/PART1,NEFT/RZP-SPLIT-267073/PART1/TATA,18551,0,INR,2026-03-20,2026-03-20T12:50:00+00:00
BNK_3056,CMS/SBIN/RZP-PO-191244,NEFT/RZP-PO-191244/SETTL/TATA,16238,0,INR,2026-03-21,2026-03-21T02:49:00+00:00
BNK_3196,NEFT/YESB/RZP-DELAY-385700,NEFT/RZP-DELAY-385700/TATA,162080,0,INR,2026-03-17,2026-03-17T04:25:00+00:00
BNK_3087,NEFT/SBIN/RZP-SPLIT-460948/PART1,NEFT/RZP-SPLIT-460948/PART1/NYKA,4920,0,INR,2026-03-07,2026-03-07T09:56:00+00:00
BNK_3346,RTGS/HDFC/RZP-BATCH-325883,RTGS/RZP-BATCH-325883/MERCHANT-SETTLE,266963,0,INR,2026-03-11,2026-03-11T11:05:00+00:00
BNK_3038,NEFT/YESB/RZP-SPLIT-734616/PART2,NEFT/RZP-SPLIT-734616/PART2/ZOMA,99975,0,INR,2026-03-04,2026-03-04T19:47:00+00:00
BNK_3062,RTGS/YESB/RZP-BATCH-901581,RTGS/RZP-BATCH-901581/MERCHANT-SETTLE,84095,0,INR,2026-03-06,2026-03-06T08:41:00+00:00
BNK_3035,CMS/UTIB/RZP-PO-459980,CMS/RZP-PO-459980/UBER,249360,0,INR,2026-03-13,2026-03-13T18:57:00+00:00
BNK_3007,CMS/KKBK/RZP-PO-910618,NEFT/RZP-PO-910618/SETTL/UBER,57452,0,INR,2026-03-13,2026-03-13T07:58:00+00:00
BNK_3191,NEFT/KKBK/RZP-DELAY-955058,NEFT/RZP-DELAY-955058/RELI,87600,0,INR,2026-03-21,2026-03-21T23:41:00+00:00
BNK_3178,RTGS/YESB/RZP-BATCH-575351,RTGS/RZP-BATCH-575351/MERCHANT-SETTLE,274667,0,INR,2026-03-04,2026-03-04T17:25:00+00:00
BNK_3243,CMS/SBIN/RZP-PO-827880,NEFT/RZP-PO-827880/SETTL/ZOMA,216683,0,INR,2026-03-08,2026-03-08T16:05:00+00:00
BNK_3018,CMS/YESB/RZP-PO-151241,NEFT/RZP-PO-151241/SETTL/MYNT,221263,0,INR,2026-03-12,2026-03-12T13:53:00+00:00
BNK_3109,CMS/SBIN/RZP-PO-270057,NEFT/RZP-PO-270057/SETTL/AMZN,66015,0,INR,2026-03-14,2026-03-14T15:26:00+00:00
BNK_3312,NEFT/SBIN/RZP-SPLIT-924141/PART2,NEFT/RZP-SPLIT-924141/PART2/BLNK,87946,0,INR,2026-03-13,2026-03-13T13:37:00+00:00
BNK_3003,CMS/HDFC/RZP-PO-921777,CMS/RZP-PO-921777/NYKA,79290,0,INR,2026-03-11,2026-03-11T02:56:00+00:00
BNK_3391,CMS/ICIC/RZP-PO-222932,CMS/RZP-PO-222932/MYNT,238310,0,INR,2026-03-05,2026-03-05T22:04:00+00:00
BNK_3380,RTGS/KKBK/RZP-BATCH-838722,RTGS/RZP-BATCH-838722/MERCHANT-SETTLE,193835,0,INR,2026-03-20,2026-03-20T13:16:00+00:00
BNK_3128,CMS/HDFC/RZP-PO-190252,CMS/RZP-PO-190252/ZOMA,199460,0,INR,2026-03-10,2026-03-10T05:21:00+00:00
BNK_3356,CMS/SBIN/RZP-PO-625820,NEFT/RZP-PO-625820/SETTL/TATA,31021,0,INR,2026-03-12,2026-03-12T20:49:00+00:00
BNK_3030,RTGS/HDFC/RZP-BATCH-908984,RTGS/RZP-BATCH-908984/MERCHANT-SETTLE,95560,0,INR,2026-03-12,2026-03-12T04:39:00+00:00
BNK_3402,CMS/YESB/RZP-PO-502330,CMS/RZP-PO-502330/FLIP,220400,0,INR,2026-03-07,2026-03-07T04:33:00+00:00
BNK_3229,CMS/YESB/RZP-PO-585793,NEFT/RZP-PO-585793/SETTL/RELI,219944,0,INR,2026-03-09,2026-03-09T04:26:00+00:00
BNK_3167,CMS/UTIB/RZP-PO-152384,CMS/RZP-PO-152384/MYNT,152020,0,INR,2026-03-15,2026-03-15T19:43:00+00:00
BNK_3328,NEFT/SBIN/RZP-DELAY-600129,NEFT/RZP-DELAY-600129/NYKA,18530,0,INR,2026-03-18,2026-03-18T01:19:00+00:00
BNK_3072,NEFT/YESB/RZP-SPLIT-767360/PART1,NEFT/RZP-SPLIT-767360/PART1/RELI,55733,0,INR,2026-03-12,2026-03-12T22:59:00+00:00
BNK_3354,NEFT/UTIB/RZP-DELAY-237119,NEFT/RZP-DELAY-237119/BLNK,84820,0,INR,2026-03-08,2026-03-08T21:45:00+00:00
BNK_3215,NEFT/UTIB/RZP-DELAY-156097,NEFT/RZP-DELAY-156097/BLNK,96730,0,INR,2026-03-26,2026-03-26T05:57:00+00:00
BNK_3043,RTGS/YESB/RZP-BATCH-582832,RTGS/RZP-BATCH-582832/MERCHANT-SETTLE,169806,0,INR,2026-03-08,2026-03-08T08:58:00+00:00
BNK_3220,RTGS/ICIC/RZP-BATCH-928619,RTGS/RZP-BATCH-928619/MERCHANT-SETTLE,71786,0,INR,2026-03-07,2026-03-07T09:54:00+00:00
BNK_3334,UPI/6298**/SBIN,UPI/CR/6298**/ZOMAPAY/0039482710/RZPNOISY629820,173509,0,INR,2026-03-04,2026-03-04T17:35:00+00:00
BNK_3077,UPI/6238**/UTIB,UPI/CR/6238**/AMZNPAY/0039482710/RZPNOISY623868,32164,0,INR,2026-03-11,2026-03-11T02:54:00+00:00
BNK_3218,GENERIC/SETTLE/UTIB,GENERIC SETTLEMENT CREDIT 996834,210330,0,INR,2026-03-13,2026-03-13T14:34:00+00:00
BNK_3282,RTGS/SBIN/RZP-BATCH-618265,RTGS/RZP-BATCH-618265/MERCHANT-SETTLE,29508,0,INR,2026-03-10,2026-03-10T07:47:00+00:00
BNK_3202,GENERIC/SETTLE/UTIB,GENERIC SETTLEMENT CREDIT 362788,37590,0,INR,2026-03-01,2026-03-01T22:01:00+00:00
BNK_3195,CMS/KKBK/RZP-PO-945878,NEFT/RZP-PO-945878/SETTL/BLNK,106330,0,INR,2026-03-12,2026-03-12T06:07:00+00:00
BNK_3244,CMS/SBIN/RZP-PO-731044,CMS/RZP-PO-731044/NYKA,174910,0,INR,2026-03-20,2026-03-20T04:29:00+00:00
BNK_3010,CMS/SBIN/RZP-DUP-907137,CMS/RZP-DUP-907137/AMZN,166600,0,INR,2026-03-14,2026-03-14T10:19:00+00:00
BNK_3162,CMS/YESB/RZP-PO-281266,CMS/RZP-PO-281266/UBER,21080,0,INR,2026-03-17,2026-03-17T00:42:00+00:00
BNK_3205,NEFT/UTIB/RZP-SPLIT-497237/PART2,NEFT/RZP-SPLIT-497237/PART2/AMZN,81076,0,INR,2026-03-20,2026-03-20T00:29:00+00:00
BNK_3223,GENERIC/SETTLE/YESB,GENERIC SETTLEMENT CREDIT 845118,64850,0,INR,2026-03-10,2026-03-10T23:12:00+00:00
BNK_3351,GENERIC/SETTLE/UTIB,GENERIC SETTLEMENT CREDIT 951897,196680,0,INR,2026-03-13,2026-03-13T00:34:00+00:00
BNK_3042,RTGS/HDFC/RZP-BATCH-252152,RTGS/RZP-BATCH-252152/MERCHANT-SETTLE,279282,0,INR,2026-03-11,2026-03-11T13:35:00+00:00
BNK_3399,RTGS/UTIB/RZP-BATCH-978935,RTGS/RZP-BATCH-978935/MERCHANT-SETTLE,278575,0,INR,2026-03-19,2026-03-19T01:13:00+00:00
BNK_3015,NEFT/SBIN/RZP-DELAY-395667,NEFT/RZP-DELAY-395667/SWIG,120980,0,INR,2026-03-07,2026-03-07T20:28:00+00:00
BNK_3318,NEFT/SBIN/RZP-DELAY-137126,NEFT/RZP-DELAY-137126/AMZN,182990,0,INR,2026-03-22,2026-03-22T13:59:00+00:00
BNK_3347,CMS/YESB/RZP-PO-727574,NEFT/RZP-PO-727574/SETTL/NYKA,163909,0,INR,2026-03-18,2026-03-18T23:58:00+00:00
BNK_3355,RTGS/UTIB/RZP-BATCH-517195,RTGS/RZP-BATCH-517195/MERCHANT-SETTLE,197029,0,INR,2026-03-08,2026-03-08T21:29:00+00:00
BNK_3398,CMS/HDFC/RZP-PO-562265,CMS/RZP-PO-562265/UBER,166070,0,INR,2026-03-22,2026-03-22T11:58:00+00:00
BNK_3360,NEFT/KKBK/RZP-SPLIT-718190/PART1,NEFT/RZP-SPLIT-718190/PART1/BLNK,121495,0,INR,2026-03-07,2026-03-07T01:06:00+00:00
BNK_3336,CMS/YESB/RZP-PO-321107,CMS/RZP-PO-321107/SWIG,62660,0,INR,2026-03-20,2026-03-20T06:38:00+00:00
BNK_3053,UPI/6944**/ICIC,UPI/CR/6944**/FLIPPAY/0039482710/RZPNOISY694469,206281,0,INR,2026-03-07,2026-03-07T02:01:00+00:00
BNK_3288,CMS/HDFC/RZP-PO-368732,CMS/RZP-PO-368732/NYKA,143210,0,INR,2026-03-12,2026-03-12T20:29:00+00:00
BNK_3217,CMS/YESB/RZP-PO-844484,NEFT/RZP-PO-844484/SETTL/UBER,133260,0,INR,2026-03-05,2026-03-05T12:25:00+00:00
BNK_3037,NEFT/YESB/RZP-SPLIT-734616/PART1,NEFT/RZP-SPLIT-734616/PART1/ZOMA,99975,0,INR,2026-03-04,2026-03-04T15:47:00+00:00
BNK_3190,NEFT/ICIC/RZP-DELAY-646015,NEFT/RZP-DELAY-646015/ZOMA,68710,0,INR,2026-03-13,2026-03-13T01:14:00+00:00
BNK_3324,RTGS/SBIN/RZP-BATCH-247177,RTGS/RZP-BATCH-247177/MERCHANT-SETTLE,156752,0,INR,2026-03-04,2026-03-04T13:29:00+00:00
BNK_3164,NEFT/KKBK/RZP-SPLIT-479260/PART1,NEFT/RZP-SPLIT-479260/PART1/AMZN,42733,0,INR,2026-03-18,2026-03-18T02:03:00+00:00
BNK_3239,NEFT/ICIC/RZP-SPLIT-761683/PART1,NEFT/RZP-SPLIT-761683/PART1/TATA,111176,0,INR,2026-03-02,2026-03-02T17:39:00+00:00
BNK_3377,CMS/HDFC/RZP-DUP-337159,CMS/RZP-DUP-337159/AMZN,205470,0,INR,2026-03-03,2026-03-03T19:28:00+00:00
BNK_3390,NEFT/HDFC/RZP-SPLIT-598967/PART2,NEFT/RZP-SPLIT-598967/PART2/TATA,101940,0,INR,2026-03-09,2026-03-09T20:40:00+00:00
BNK_3142,CMS/YESB/RZP-PO-478093,NEFT/RZP-PO-478093/SETTL/ZOMA,136247,0,INR,2026-03-02,2026-03-02T18:56:00+00:00
BNK_3211,NEFT/HDFC/RZP-SPLIT-285161/PART1,NEFT/RZP-SPLIT-285161/PART1/BLNK,30537,0,INR,2026-03-05,2026-03-05T01:12:00+00:00
BNK_3159,CMS/UTIB/RZP-PO-175347,CMS/RZP-PO-175347/NYKA,89600,0,INR,2026-03-04,2026-03-04T11:13:00+00:00
BNK_3352,CMS/KKBK/RZP-REV-901798,CMS/RZP-REV-901798/ADJUSTED/RELI,85388,0,INR,2026-03-06,2026-03-06T05:32:00+00:00
BNK_3254,CMS/SBIN/RZP-PO-634156,NEFT/RZP-PO-634156/SETTL/UBER,127841,0,INR,2026-03-18,2026-03-18T17:13:00+00:00
BNK_3152,CMS/ICIC/RZP-PO-800675,CMS/RZP-PO-800675/RELI,142410,0,INR,2026-03-08,2026-03-08T10:06:00+00:00
BNK_3364,GENERIC/SETTLE/ICIC,GENERIC SETTLEMENT CREDIT 774066,244380,0,INR,2026-03-09,2026-03-09T09:21:00+00:00
BNK_3304,CMS/UTIB/RZP-PO-400252,CMS/RZP-PO-400252/AMZN,120630,0,INR,2026-03-02,2026-03-02T16:26:00+00:00
BNK_3366,CMS/HDFC/RZP-PO-806421,CMS/RZP-PO-806421/ZOMA,145330,0,INR,2026-03-04,2026-03-04T03:57:00+00:00
BNK_3290,CMS/YESB/RZP-PO-323939,CMS/RZP-PO-323939/AMZN,203060,0,INR,2026-03-11,2026-03-11T22:31:00+00:00
BNK_3065,CMS/UTIB/RZP-PO-925728,CMS/RZP-PO-925728/FLIP,162510,0,INR,2026-03-20,2026-03-20T13:20:00+00:00
BNK_3188,NEFT/YESB/RZP-DELAY-561419,NEFT/RZP-DELAY-561419/BLNK,117480,0,INR,2026-03-10,2026-03-10T20:16:00+00:00
BNK_3058,CMS/ICIC/RZP-PO-524593,CMS/RZP-PO-524593/TATA,71670,0,INR,2026-03-18,2026-03-18T09:17:00+00:00
BNK_3327,RTGS/KKBK/RZP-BATCH-684756,RTGS/RZP-BATCH-684756/MERCHANT-SETTLE,256506,0,INR,2026-03-06,2026-03-06T06:40:00+00:00
BNK_3230,CMS/KKBK/RZP-REV-675133,CMS/RZP-REV-675133/ADJUSTED/TATA,14618,0,INR,2026-03-04,2026-03-04T21:14:00+00:00
BNK_3207,CMS/YESB/RZP-DUP-668054,CMS/RZP-DUP-668054/TATA,51140,0,INR,2026-03-22,2026-03-22T11:57:00+00:00
BNK_3313,CMS/UTIB/RZP-PO-901145,CMS/RZP-PO-901145/BLNK,134920,0,INR,2026-03-13,2026-03-13T02:40:00+00:00
BNK_3260,WIRE/USD/272243,INCOMING WIRE USD 272243,2500,0,USD,2026-03-12,2026-03-12T14:46:00+00:00
BNK_3353,RTGS/YESB/RZP-BATCH-870987,RTGS/RZP-BATCH-870987/MERCHANT-SETTLE,189621,0,INR,2026-03-19,2026-03-19T19:49:00+00:00
BNK_3359,CMS/KKBK/RZP-REV-128022,CMS/RZP-REV-128022/ADJUSTED/RELI,115924,0,INR,2026-03-14,2026-03-14T12:03:00+00:00
BNK_3206,CMS/ICIC/RZP-MAL-324539,CMS/RZP-MAL-324539/NYKA,211950,0,INR,2026-03-18,2026-03-18T23:22:00+00:00
BNK_3384,NEFT/ICIC/RZP-SPLIT-368672/PART1,NEFT/RZP-SPLIT-368672/PART1/FLIP,96055,0,INR,2026-03-04,2026-03-04T02:34:00+00:00
BNK_3287,CMS/YESB/RZP-PO-277454,NEFT/RZP-PO-277454/SETTL/AMZN,126220,0,INR,2026-03-17,2026-03-17T16:53:00+00:00
BNK_3084,CMS/UTIB/RZP-PO-761015,CMS/RZP-PO-761015/SWIG,239210,0,INR,2026-03-09,2026-03-09T07:50:00+00:00
BNK_3073,NEFT/YESB/RZP-SPLIT-767360/PART2,NEFT/RZP-SPLIT-767360/PART2/RELI,55733,0,INR,2026-03-13,2026-03-13T02:59:00+00:00
BNK_3361,NEFT/KKBK/RZP-SPLIT-718190/PART2,NEFT/RZP-SPLIT-718190/PART2/BLNK,121496,0,INR,2026-03-07,2026-03-07T05:06:00+00:00
BNK_3061,RTGS/HDFC/RZP-BATCH-237909,RTGS/RZP-BATCH-237909/MERCHANT-SETTLE,154076,0,INR,2026-03-03,2026-03-03T22:03:00+00:00
BNK_3070,CMS/ICIC/RZP-PO-738613,NEFT/RZP-PO-738613/SETTL/RELI,40111,0,INR,2026-03-02,2026-03-02T22:29:00+00:00
BNK_3224,CMS/HDFC/RZP-PO-307623,CMS/RZP-PO-307623/BLNK,122560,0,INR,2026-03-10,2026-03-10T11:11:00+00:00
BNK_3385,NEFT/ICIC/RZP-SPLIT-368672/PART2,NEFT/RZP-SPLIT-368672/PART2/FLIP,96055,0,INR,2026-03-04,2026-03-04T06:34:00+00:00
BNK_3145,CMS/UTIB/RZP-PO-873912,NEFT/RZP-PO-873912/SETTL/ZOMA,149028,0,INR,2026-03-23,2026-03-23T03:39:00+00:00
BNK_3006,CMS/UTIB/RZP-PO-354743,NEFT/RZP-PO-354743/SETTL/TATA,40511,0,INR,2026-03-03,2026-03-03T13:03:00+00:00
BNK_3163,CMS/UTIB/RZP-PO-522474,NEFT/RZP-PO-522474/SETTL/ZOMA,142584,0,INR,2026-03-21,2026-03-21T14:21:00+00:00
BNK_3074,CMS/ICIC/RZP-PO-161318,CMS/RZP-PO-161318/UBER,102560,0,INR,2026-03-03,2026-03-03T05:19:00+00:00
BNK_3139,RTGS/KKBK/RZP-BATCH-406077,RTGS/RZP-BATCH-406077/MERCHANT-SETTLE,372548,0,INR,2026-03-05,2026-03-05T04:54:00+00:00
BNK_3029,NEFT/SBIN/RZP-DELAY-117032,NEFT/RZP-DELAY-117032/FLIP,175360,0,INR,2026-03-20,2026-03-20T11:33:00+00:00
BNK_3397,CMS/YESB/RZP-PO-652416,NEFT/RZP-PO-652416/SETTL/MYNT,19568,0,INR,2026-03-05,2026-03-05T02:42:00+00:00
BNK_3331,CMS/ICIC/RZP-DUP-960326,CMS/RZP-DUP-960326/BLNK,173810,0,INR,2026-03-13,2026-03-13T17:13:00+00:00
BNK_3208,RTGS/UTIB/RZP-BATCH-103439,RTGS/RZP-BATCH-103439/MERCHANT-SETTLE,229183,0,INR,2026-03-08,2026-03-08T21:48:00+00:00
BNK_3031,CMS/SBIN/RZP-PO-309850,NEFT/RZP-PO-309850/SETTL/NYKA,211684,0,INR,2026-03-12,2026-03-12T18:30:00+00:00
BNK_3105,RTGS/YESB/RZP-BATCH-874259,RTGS/RZP-BATCH-874259/MERCHANT-SETTLE,150274,0,INR,2026-03-06,2026-03-06T19:26:00+00:00
BNK_3095,CMS/HDFC/RZP-PO-490438,CMS/RZP-PO-490438/BLNK,125250,0,INR,2026-03-05,2026-03-05T07:44:00+00:00
BNK_3135,CMS/SBIN/RZP-PO-127562,CMS/RZP-PO-127562/TATA,106310,0,INR,2026-03-11,2026-03-11T02:51:00+00:00
BNK_3400,CMS/YESB/RZP-DUP-634617,CMS/RZP-DUP-634617/SWIG,201330,0,INR,2026-03-19,2026-03-19T01:07:00+00:00
BNK_3046,CMS/YESB/RZP-PO-532160,NEFT/RZP-PO-532160/SETTL/BLNK,173839,0,INR,2026-03-11,2026-03-11T12:03:00+00:00
BNK_3133,RTGS/SBIN/RZP-BATCH-478081,RTGS/RZP-BATCH-478081/MERCHANT-SETTLE,127450,0,INR,2026-03-10,2026-03-10T05:44:00+00:00
BNK_3268,RTGS/KKBK/RZP-BATCH-917341,RTGS/RZP-BATCH-917341/MERCHANT-SETTLE,93934,0,INR,2026-03-22,2026-03-22T00:26:00+00:00
BNK_3075,NEFT/HDFC/RZP-SPLIT-238598/PART1,NEFT/RZP-SPLIT-238598/PART1/UBER,9976,0,INR,2026-03-03,2026-03-03T07:42:00+00:00
BNK_3362,GENERIC/SETTLE/UTIB,GENERIC SETTLEMENT CREDIT 878763,87280,0,INR,2026-03-16,2026-03-16T11:12:00+00:00
BNK_3358,NEFT/HDFC/RZP-SPLIT-511834/PART2,NEFT/RZP-SPLIT-511834/PART2/TATA,106370,0,INR,2026-03-11,2026-03-11T09:18:00+00:00
BNK_3241,CMS/ICIC/RZP-PO-813259,CMS/RZP-PO-813259/MYNT,98150,0,INR,2026-03-17,2026-03-17T05:04:00+00:00
BNK_3253,NEFT/KKBK/RZP-DELAY-485835,NEFT/RZP-DELAY-485835/UBER,225180,0,INR,2026-03-14,2026-03-14T20:34:00+00:00
BNK_3321,NEFT/UTIB/RZP-SPLIT-552084/PART1,NEFT/RZP-SPLIT-552084/PART1/FLIP,4758,0,INR,2026-03-21,2026-03-21T11:38:00+00:00
BNK_3168,GENERIC/SETTLE/SBIN,GENERIC SETTLEMENT CREDIT 243745,155840,0,INR,2026-03-18,2026-03-18T21:24:00+00:00
BNK_3083,CMS/ICIC/RZP-PO-681606,CMS/RZP-PO-681606/MYNT,176260,0,INR,2026-03-07,2026-03-07T07:00:00+00:00
BNK_3200,CMS/YESB/RZP-MAL-734302,CMS/RZP-MAL-734302/TATA,244130,0,INR,2026-03-09,2026-03-09T17:55:00+00:00
BNK_3048,CMS/UTIB/RZP-PO-596086,CMS/RZP-PO-596086/TATA,104470,0,INR,2026-03-10,2026-03-10T13:36:00+00:00
BNK_3257,NEFT/KKBK/RZP-SPLIT-639705/PART2,NEFT/RZP-SPLIT-639705/PART2/BLNK,28420,0,INR,2026-03-18,2026-03-18T22:58:00+00:00
BNK_3369,CMS/SBIN/RZP-PO-930346,CMS/RZP-PO-930346/MYNT,212980,0,INR,2026-03-19,2026-03-19T00:11:00+00:00
BNK_3014,CMS/UTIB/RZP-PO-534622,NEFT/RZP-PO-534622/SETTL/NYKA,149722,0,INR,2026-03-18,2026-03-18T12:24:00+00:00
BNK_3106,GENERIC/SETTLE/UTIB,GENERIC SETTLEMENT CREDIT 599470,48900,0,INR,2026-03-14,2026-03-14T21:14:00+00:00
BNK_3341,UPI/4405**/ICIC,UPI/CR/4405**/FLIPPAY/0039482710/RZPNOISY440571,84006,0,INR,2026-03-08,2026-03-08T05:02:00+00:00
BNK_3137,UPI/9597**/UTIB,UPI/CR/9597**/MYNTPAY/0039482710/RZPNOISY959704,61731,0,INR,2026-03-22,2026-03-22T20:25:00+00:00
BNK_3231,CMS/UTIB/RZP-PO-478252,NEFT/RZP-PO-478252/SETTL/SWIG,110304,0,INR,2026-03-03,2026-03-03T10:05:00+00:00
BNK_3151,CMS/KKBK/RZP-PO-969247,CMS/RZP-PO-969247/SWIG,127780,0,INR,2026-03-11,2026-03-11T16:29:00+00:00
BNK_3275,UPI/5951**/SBIN,UPI/CR/5951**/MYNTPAY/0039482710/RZPNOISY595117,36603,0,INR,2026-03-18,2026-03-18T11:53:00+00:00
BNK_3348,RTGS/SBIN/RZP-BATCH-640824,RTGS/RZP-BATCH-640824/MERCHANT-SETTLE,315914,0,INR,2026-03-15,2026-03-15T23:34:00+00:00
BNK_3197,CMS/HDFC/RZP-PO-383969,NEFT/RZP-PO-383969/SETTL/AMZN,221868,0,INR,2026-03-06,2026-03-06T07:58:00+00:00
BNK_3050,NEFT/HDFC/RZP-SPLIT-114163/PART2,NEFT/RZP-SPLIT-114163/PART2/RELI,27852,0,INR,2026-03-07,2026-03-07T13:51:00+00:00
BNK_3267,CMS/SBIN/RZP-PO-693911,CMS/RZP-PO-693911/NYKA,6000,0,INR,2026-03-02,2026-03-02T14:25:00+00:00
BNK_3317,CMS/KKBK/RZP-PO-643846,CMS/RZP-PO-643846/ZOMA,95880,0,INR,2026-03-13,2026-03-13T12:02:00+00:00
BNK_3111,CMS/HDFC/RZP-PO-991810,CMS/RZP-PO-991810/MYNT,6320,0,INR,2026-03-17,2026-03-17T02:01:00+00:00
BNK_3092,RTGS/ICIC/RZP-BATCH-396814,RTGS/RZP-BATCH-396814/MERCHANT-SETTLE,216768,0,INR,2026-03-05,2026-03-05T02:18:00+00:00
BNK_3350,NEFT/ICIC/RZP-DELAY-353717,NEFT/RZP-DELAY-353717/RELI,46010,0,INR,2026-03-18,2026-03-18T04:22:00+00:00
BNK_3232,NEFT/HDFC/RZP-DELAY-925272,NEFT/RZP-DELAY-925272/MYNT,211810,0,INR,2026-03-20,2026-03-20T22:14:00+00:00
BNK_3242,CMS/KKBK/RZP-PO-617807,CMS/RZP-PO-617807/UBER,136690,0,INR,2026-03-04,2026-03-04T08:55:00+00:00
BNK_3024,CMS/KKBK/RZP-DUP-873476,CMS/RZP-DUP-873476/NYKA,45540,0,INR,2026-03-09,2026-03-09T19:13:00+00:00
BNK_3311,NEFT/SBIN/RZP-SPLIT-924141/PART1,NEFT/RZP-SPLIT-924141/PART1/BLNK,87945,0,INR,2026-03-13,2026-03-13T09:37:00+00:00
BNK_3170,NEFT/SBIN/RZP-SPLIT-954009/PART2,NEFT/RZP-SPLIT-954009/PART2/UBER,90146,0,INR,2026-03-21,2026-03-21T20:25:00+00:00
BNK_3365,RTGS/HDFC/RZP-BATCH-529271,RTGS/RZP-BATCH-529271/MERCHANT-SETTLE,236455,0,INR,2026-03-03,2026-03-03T08:18:00+00:00
BNK_3234,CMS/KKBK/RZP-PO-108637,NEFT/RZP-PO-108637/SETTL/NYKA,137683,0,INR,2026-03-17,2026-03-17T07:39:00+00:00
BNK_3314,UPI/1050**/ICIC,UPI/CR/1050**/ZOMAPAY/0039482710/RZPNOISY105097,123902,0,INR,2026-03-11,2026-03-11T17:35:00+00:00
BNK_3363,CMS/ICIC/RZP-PO-129628,CMS/RZP-PO-129628/MYNT,122760,0,INR,2026-03-13,2026-03-13T12:58:00+00:00
BNK_3403,CMS/UTIB/RZP-PO-622632,NEFT/RZP-PO-622632/SETTL/UBER,193211,0,INR,2026-03-11,2026-03-11T06:44:00+00:00
BNK_3279,CMS/YESB/RZP-PO-359003,CMS/RZP-PO-359003/NYKA,171220,0,INR,2026-03-08,2026-03-08T09:47:00+00:00
BNK_3247,CMS/HDFC/RZP-PO-231031,NEFT/RZP-PO-231031/SETTL/AMZN,18650,0,INR,2026-03-16,2026-03-16T00:03:00+00:00
BNK_3113,CMS/KKBK/RZP-PO-181092,CMS/RZP-PO-181092/RELI,152400,0,INR,2026-03-05,2026-03-05T01:05:00+00:00
BNK_3172,UPI/9678**/ICIC,UPI/CR/9678**/NYKAPAY/0039482710/RZPNOISY967837,241619,0,INR,2026-03-10,2026-03-10T08:50:00+00:00
BNK_3121,RTGS/UTIB/RZP-BATCH-627874,RTGS/RZP-BATCH-627874/MERCHANT-SETTLE,192855,0,INR,2026-03-18,2026-03-18T18:12:00+00:00
BNK_3017,CMS/UTIB/RZP-PO-452665,NEFT/RZP-PO-452665/SETTL/UBER,136794,0,INR,2026-03-20,2026-03-20T21:06:00+00:00
BNK_3141,CMS/YESB/RZP-PO-837887,NEFT/RZP-PO-837887/SETTL/AMZN,79421,0,INR,2026-03-08,2026-03-08T06:59:00+00:00
BNK_3012,CMS/HDFC/RZP-PO-248949,CMS/RZP-PO-248949/FLIP,147280,0,INR,2026-03-19,2026-03-19T17:20:00+00:00
BNK_3387,RTGS/YESB/RZP-BATCH-197614,RTGS/RZP-BATCH-197614/MERCHANT-SETTLE,209672,0,INR,2026-03-20,2026-03-20T09:58:00+00:00
BNK_3078,CMS/HDFC/RZP-PO-430689,NEFT/RZP-PO-430689/SETTL/RELI,143756,0,INR,2026-03-16,2026-03-16T18:59:00+00:00
BNK_3264,GENERIC/SETTLE/HDFC,GENERIC SETTLEMENT CREDIT 870158,123480,0,INR,2026-03-05,2026-03-05T05:35:00+00:00
BNK_3080,RTGS/HDFC/RZP-BATCH-371696,RTGS/RZP-BATCH-371696/MERCHANT-SETTLE,296138,0,INR,2026-03-13,2026-03-13T23:25:00+00:00
BNK_3071,CMS/KKBK/RZP-PO-643542,NEFT/RZP-PO-643542/SETTL/TATA,204820,0,INR,2026-03-09,2026-03-09T23:57:00+00:00
BNK_3332,CMS/YESB/RZP-REV-278925,CMS/RZP-REV-278925/ADJUSTED/NYKA,44844,0,INR,2026-03-03,2026-03-03T16:39:00+00:00
BNK_3295,CMS/ICIC/RZP-PO-765400,CMS/RZP-PO-765400/RELI,132660,0,INR,2026-03-14,2026-03-14T12:24:00+00:00
BNK_3119,CMS/HDFC/RZP-PO-338297,NEFT/RZP-PO-338297/SETTL/UBER,42415,0,INR,2026-03-03,2026-03-03T07:34:00+00:00
BNK_3140,WIRE/USD/174309,INCOMING WIRE USD 174309,2500,0,USD,2026-03-08,2026-03-08T07:21:00+00:00
BNK_3274,CMS/KKBK/RZP-PO-420049,CMS/RZP-PO-420049/FLIP,144410,0,INR,2026-03-05,2026-03-05T01:16:00+00:00
BNK_3258,RTGS/UTIB/RZP-BATCH-784533,RTGS/RZP-BATCH-784533/MERCHANT-SETTLE,236455,0,INR,2026-03-23,2026-03-23T15:47:00+00:00
BNK_3097,CMS/KKBK/RZP-PO-149849,CMS/RZP-PO-149849/NYKA,69970,0,INR,2026-03-17,2026-03-17T00:08:00+00:00
BNK_3404,CMS/ICIC/RZP-PO-458945,CMS/RZP-PO-458945/ZOMA,11020,0,INR,2026-03-12,2026-03-12T19:48:00+00:00
BNK_3245,CMS/YESB/RZP-PO-669919,CMS/RZP-PO-669919/TATA,7190,0,INR,2026-03-17,2026-03-17T09:32:00+00:00
BNK_3301,UPI/3838**/KKBK,UPI/CR/3838**/MYNTPAY/0039482710/RZPNOISY383808,195481,0,INR,2026-03-07,2026-03-07T00:11:00+00:00
BNK_3051,RTGS/YESB/RZP-BATCH-969948,RTGS/RZP-BATCH-969948/MERCHANT-SETTLE,302194,0,INR,2026-03-14,2026-03-14T09:33:00+00:00
BNK_3173,NEFT/ICIC/RZP-SPLIT-779984/PART1,NEFT/RZP-SPLIT-779984/PART1/FLIP,20511,0,INR,2026-03-22,2026-03-22T22:59:00+00:00
BNK_3199,CMS/ICIC/RZP-PO-266096,NEFT/RZP-PO-266096/SETTL/BLNK,126669,0,INR,2026-03-13,2026-03-13T08:25:00+00:00
BNK_3013,RTGS/KKBK/RZP-BATCH-211690,RTGS/RZP-BATCH-211690/MERCHANT-SETTLE,249744,0,INR,2026-03-11,2026-03-11T22:33:00+00:00
BNK_3186,UPI/6933**/SBIN,UPI/CR/6933**/MYNTPAY/0039482710/RZPNOISY693310,147285,0,INR,2026-03-07,2026-03-07T05:15:00+00:00
BNK_3057,CMS/UTIB/RZP-PO-359744,NEFT/RZP-PO-359744/SETTL/SWIG,110773,0,INR,2026-03-06,2026-03-06T12:25:00+00:00
BNK_3221,NEFT/SBIN/RZP-DELAY-527281,NEFT/RZP-DELAY-527281/TATA,162920,0,INR,2026-03-16,2026-03-16T19:14:00+00:00
BNK_3212,NEFT/HDFC/RZP-SPLIT-285161/PART2,NEFT/RZP-SPLIT-285161/PART2/BLNK,30537,0,INR,2026-03-05,2026-03-05T05:12:00+00:00
BNK_3330,CMS/SBIN/RZP-PO-694532,NEFT/RZP-PO-694532/SETTL/MYNT,138122,0,INR,2026-03-20,2026-03-20T13:54:00+00:00
BNK_3177,NEFT/SBIN/RZP-DELAY-329526,NEFT/RZP-DELAY-329526/MYNT,112890,0,INR,2026-03-13,2026-03-13T08:49:00+00:00
BNK_3120,CMS/HDFC/RZP-PO-646000,CMS/RZP-PO-646000/ZOMA,217630,0,INR,2026-03-08,2026-03-08T06:17:00+00:00
BNK_3052,CMS/ICIC/RZP-PO-844883,CMS/RZP-PO-844883/AMZN,24160,0,INR,2026-03-04,2026-03-04T14:07:00+00:00
BNK_3291,CMS/UTIB/RZP-PO-446355,CMS/RZP-PO-446355/FLIP,54310,0,INR,2026-03-01,2026-03-01T20:06:00+00:00
BNK_3281,CMS/YESB/RZP-PO-443194,CMS/RZP-PO-443194/NYKA,110740,0,INR,2026-03-19,2026-03-19T23:11:00+00:00
BNK_3250,CMS/SBIN/RZP-PO-255763,CMS/RZP-PO-255763/TATA,63300,0,INR,2026-03-02,2026-03-02T13:28:00+00:00
BNK_3184,CMS/HDFC/RZP-PO-121559,CMS/RZP-PO-121559/SWIG,13000,0,INR,2026-03-05,2026-03-05T14:52:00+00:00
BNK_3338,UPI/9772**/KKBK,UPI/CR/9772**/UBERPAY/0039482710/RZPNOISY977252,208486,0,INR,2026-03-10,2026-03-10T22:36:00+00:00
BNK_3269,CMS/ICIC/RZP-PO-217515,NEFT/RZP-PO-217515/SETTL/MYNT,239834,0,INR,2026-03-07,2026-03-07T13:48:00+00:00
BNK_3373,CMS/SBIN/RZP-PO-748762,CMS/RZP-PO-748762/NYKA,15980,0,INR,2026-03-04,2026-03-04T17:19:00+00:00
BNK_3124,CMS/ICIC/RZP-PO-957847,CMS/RZP-PO-957847/BLNK,123080,0,INR,2026-03-02,2026-03-02T19:55:00+00:00
BNK_3021,CMS/ICIC/RZP-PO-935684,CMS/RZP-PO-935684/UBER,208540,0,INR,2026-03-11,2026-03-11T20:24:00+00:00
BNK_3201,RTGS/SBIN/RZP-BATCH-621736,RTGS/RZP-BATCH-621736/MERCHANT-SETTLE,248804,0,INR,2026-03-13,2026-03-13T01:11:00+00:00
BNK_3166,CMS/YESB/RZP-ERR-142443,CMS/RZP-ERR-142443/TATA,56260,0,INR,2026-03-20,2026-03-20T18:39:00+00:00
BNK_3240,NEFT/ICIC/RZP-SPLIT-761683/PART2,NEFT/RZP-SPLIT-761683/PART2/TATA,111177,0,INR,2026-03-02,2026-03-02T21:39:00+00:00
BNK_3020,CMS/ICIC/RZP-ERR-334364,CMS/RZP-ERR-334364/BLNK,204840,0,INR,2026-03-20,2026-03-20T04:55:00+00:00
BNK_3040,NEFT/ICIC/RZP-SPLIT-195179/PART1,NEFT/RZP-SPLIT-195179/PART1/TATA,38877,0,INR,2026-03-11,2026-03-11T09:13:00+00:00
BNK_3099,CMS/KKBK/RZP-PO-305546,NEFT/RZP-PO-305546/SETTL/FLIP,169074,0,INR,2026-03-07,2026-03-07T14:11:00+00:00
BNK_3098,CMS/HDFC/RZP-PO-571058,NEFT/RZP-PO-571058/SETTL/BLNK,66259,0,INR,2026-03-11,2026-03-11T19:17:00+00:00
BNK_3203,UPI/1541**/HDFC,UPI/CR/1541**/UBERPAY/0039482710/RZPNOISY154179,138759,0,INR,2026-03-10,2026-03-10T02:00:00+00:00
BNK_3093,CMS/YESB/RZP-PO-990958,CMS/RZP-PO-990958/NYKA,230330,0,INR,2026-03-14,2026-03-14T12:14:00+00:00
BNK_3088,NEFT/SBIN/RZP-SPLIT-460948/PART2,NEFT/RZP-SPLIT-460948/PART2/NYKA,4920,0,INR,2026-03-07,2026-03-07T13:56:00+00:00
BNK_3389,NEFT/HDFC/RZP-SPLIT-598967/PART1,NEFT/RZP-SPLIT-598967/PART1/TATA,101940,0,INR,2026-03-09,2026-03-09T16:40:00+00:00
BNK_3102,NEFT/ICIC/RZP-SPLIT-559143/PART2,NEFT/RZP-SPLIT-559143/PART2/RELI,27195,0,INR,2026-03-14,2026-03-14T01:00:00+00:00
BNK_3246,CMS/SBIN/RZP-DUP-744275,CMS/RZP-DUP-744275/BLNK,47180,0,INR,2026-03-15,2026-03-15T13:37:00+00:00
BNK_3008,CMS/KKBK/RZP-PO-207035,NEFT/RZP-PO-207035/SETTL/NYKA,24274,0,INR,2026-03-07,2026-03-07T03:14:00+00:00
