payout_id,gateway_reference,gross_amount_minor,processing_fee_minor,refund_amount_minor,chargeback_amount_minor,net_settlement_amount_minor,currency,settlement_timestamp,batch_token
PO_2238,RZP-PO-555743,114230,2695,0,0,111535,INR,2026-03-03T17:32:00+00:00,BATCH-555743
PO_2190,RZP-PO-335295,169150,0,0,0,169150,INR,2026-03-11T15:39:00+00:00,BATCH-335295
PO_2317,RZP-PO-620757,227640,0,0,0,227640,INR,2026-03-02T16:53:00+00:00,BATCH-620757
PO_2199,RZP-MAL-836058,20660,500,0,0,20660,INR,2026-03-15T01:12:00+00:00,MAL-836058
PO_2002,RZP-PO-417700,232240,0,0,0,232240,INR,2026-03-07T23:44:00+00:00,BATCH-417700
PO_2196,RZP-PO-383514,55700,0,0,0,55700,INR,2026-03-10T22:40:00+00:00,BATCH-383514
PO_2267,RZP-PO-285838,171840,0,0,0,171840,INR,2026-03-11T15:10:00+00:00,BATCH-285838
PO_2303,RZP-NOISY-864120,17810,356,0,0,17454,INR,2026-03-09T00:07:00+00:00,NOISE-864120
PO_2323,RZP-PO-175073,24530,0,0,0,24530,INR,2026-03-09T15:10:00+00:00,BATCH-175073
PO_2091,RZP-BATCH-794828,131160,2622,0,0,128538,INR,2026-03-02T20:41:00+00:00,BATCH-CONSOL-794828
PO_2311,RZP-PO-206152,233420,0,0,0,233420,INR,2026-03-05T08:20:00+00:00,BATCH-206152
PO_2021,RZP-PO-274643,66580,1571,0,0,65009,INR,2026-03-09T01:08:00+00:00,BATCH-274643
PO_2040,RZP-DELAY-388496,96490,0,0,0,96490,INR,2026-03-08T20:56:00+00:00,DELAY-388496
PO_2154,RZP-PO-298470,144640,3413,0,0,141227,INR,2026-03-19T09:59:00+00:00,BATCH-298470
PO_2220,RZP-PO-599406,25200,0,0,0,25200,INR,2026-03-06T04:38:00+00:00,BATCH-599406
PO_2005,RZP-PO-299838,66790,0,0,0,66790,INR,2026-03-17T06:58:00+00:00,BATCH-299838
PO_2096,RZP-DELAY-724780,100230,0,0,0,100230,INR,2026-03-08T05:15:00+00:00,DELAY-724780
PO_2262,RZP-PO-249421,234560,5535,0,0,229025,INR,2026-03-08T21:14:00+00:00,BATCH-249421
PO_2121,AMBIG-PO-253307,85960,0,0,0,85960,INR,2026-03-19T23:12:00+00:00,
PO_2310,RZP-PO-528150,57700,1361,0,0,56339,INR,2026-03-07T10:31:00+00:00,BATCH-528150
PO_2018,RZP-PO-434605,111630,0,0,0,111630,INR,2026-03-13T18:07:00+00:00,BATCH-434605
PO_2212,RZP-PO-420291,134370,0,0,0,134370,INR,2026-03-07T06:48:00+00:00,BATCH-420291
PO_2232,RZP-DELAY-632142,235530,0,0,0,235530,INR,2026-03-09T04:18:00+00:00,DELAY-632142
PO_2274,RZP-NOISY-675681,5650,113,0,0,5537,INR,2026-03-17T07:44:00+00:00,NOISE-675681
PO_2243,RZP-PO-262071,163540,0,0,0,163540,INR,2026-03-02T19:33:00+00:00,BATCH-262071
PO_2068,RZP-PO-776128,117760,0,0,0,117760,INR,2026-03-06T02:44:00+00:00,BATCH-776128
PO_2290,RZP-DUP-676101,187160,0,0,0,187160,INR,2026-03-13T04:24:00+00:00,DUP-676101
PO_2164,RZP-PO-767555,228240,0,0,0,228240,INR,2026-03-12T10:57:00+00:00,BATCH-767555
PO_2293,RZP-PO-239263,230380,0,0,0,230380,INR,2026-03-15T18:46:00+00:00,BATCH-239263
PO_2189,RZP-BATCH-948887,340770,6814,0,0,333956,INR,2026-03-16T10:28:00+00:00,BATCH-CONSOL-948887
PO_2111,RZP-PO-808571,233790,5517,0,0,228273,INR,2026-03-20T19:00:00+00:00,BATCH-808571
PO_2129,RZP-PO-728603,164600,0,0,0,164600,INR,2026-03-20T05:28:00+00:00,BATCH-728603
PO_2027,RZP-DELAY-398193,152640,0,0,0,152640,INR,2026-03-11T03:11:00+00:00,DELAY-398193
PO_2195,RZP-PO-715870,56420,0,0,0,56420,INR,2026-03-19T21:26:00+00:00,BATCH-715870
PO_2112,RZP-DUP-432137,244850,0,0,0,244850,INR,2026-03-10T20:01:00+00:00,DUP-432137
PO_2014,RZP-PO-673681,152380,0,0,0,152380,INR,2026-03-14T01:19:00+00:00,BATCH-673681
PO_2380,RZP-DELAY-480374,91080,0,0,0,91080,INR,2026-03-15T09:57:00+00:00,DELAY-480374
PO_2029,RZP-BATCH-823750,315390,6306,0,0,309084,INR,2026-03-16T06:51:00+00:00,BATCH-CONSOL-823750
PO_2313,RZP-PO-822032,244590,0,0,0,244590,INR,2026-03-04T05:56:00+00:00,BATCH-822032
PO_2372,RZP-PO-945178,149370,0,0,0,149370,INR,2026-03-22T00:38:00+00:00,BATCH-945178
PO_2090,RZP-PO-751559,93300,0,0,0,93300,INR,2026-03-07T10:48:00+00:00,BATCH-751559
PO_2381,RZP-SPLIT-405030,43930,878,0,0,43052,INR,2026-03-20T08:15:00+00:00,SPLIT-405030
PO_2015,RZP-PO-563077,134740,0,0,0,134740,INR,2026-03-06T09:59:00+00:00,BATCH-563077
PO_2132,RZP-PO-406837,145120,0,0,0,145120,INR,2026-03-03T10:50:00+00:00,BATCH-406837
PO_2288,RZP-PO-640277,226650,0,0,0,226650,INR,2026-03-21T00:35:00+00:00,BATCH-640277
PO_2265,RZP-SPLIT-944383,136300,2726,0,0,133574,INR,2026-03-10T21:40:00+00:00,SPLIT-944383
PO_2227,RZP-PO-976966,45620,0,0,0,45620,INR,2026-03-20T20:19:00+00:00,BATCH-976966
PO_2334,RZP-PO-169532,202500,0,0,0,202500,INR,2026-03-19T22:55:00+00:00,BATCH-169532
PO_2102,RZP-PO-678253,207110,0,0,0,207110,INR,2026-03-12T05:02:00+00:00,BATCH-678253
PO_2239,RZP-SPLIT-323217,244000,4880,0,0,239120,INR,2026-03-04T09:31:00+00:00,SPLIT-323217
PO_2228,RZP-NOISY-258450,150110,3002,0,0,147108,INR,2026-03-08T23:38:00+00:00,NOISE-258450
PO_2296,RZP-PO-299526,14390,0,0,0,14390,INR,2026-03-08T00:41:00+00:00,BATCH-299526
PO_2095,RZP-SPLIT-438256,70980,1419,0,0,69561,INR,2026-03-18T01:23:00+00:00,SPLIT-438256
PO_2019,AMBIG-PO-941672,136880,0,0,0,136880,INR,2026-03-22T14:44:00+00:00,
PO_2349,RZP-PO-623569,155340,0,0,0,155340,INR,2026-03-10T19:53:00+00:00,BATCH-623569
PO_2208,RZP-BATCH-371706,195240,3903,0,0,191337,INR,2026-03-09T04:29:00+00:00,BATCH-CONSOL-371706
PO_2366,RZP-NOISY-775434,124000,2480,0,0,121520,INR,2026-03-17T21:59:00+00:00,NOISE-775434
PO_2354,RZP-SPLIT-106481,195830,3916,0,0,191914,INR,2026-03-18T12:08:00+00:00,SPLIT-106481
PO_2320,RZP-PO-288771,103490,0,0,0,103490,INR,2026-03-03T06:45:00+00:00,BATCH-288771
PO_2008,RZP-PO-980191,246700,0,0,0,246700,INR,2026-03-13T07:52:00+00:00,BATCH-980191
PO_2300,RZP-PO-190980,174140,4109,0,0,170031,INR,2026-03-03T01:54:00+00:00,BATCH-190980
PO_2211,RZP-PO-217876,227340,0,0,0,227340,INR,2026-03-05T12:41:00+00:00,BATCH-217876
PO_2230,RZP-PO-211676,142930,0,0,0,142930,INR,2026-03-14T22:20:00+00:00,BATCH-211676
PO_2257,RZP-PO-803466,45150,0,0,0,45150,INR,2026-03-10T11:10:00+00:00,BATCH-803466
PO_2167,RZP-NOISY-403818,235750,4715,0,0,231035,INR,2026-03-03T20:26:00+00:00,NOISE-403818
PO_2016,AMBIG-PO-881943,179780,0,0,0,179780,INR,2026-03-19T21:17:00+00:00,
PO_2316,RZP-PO-456289,237500,0,0,0,237500,INR,2026-03-11T19:25:00+00:00,BATCH-456289
PO_2269,AMBIG-PO-367070,133920,0,0,0,133920,INR,2026-03-02T17:40:00+00:00,
PO_2389,RZP-PO-143440,163590,0,0,0,163590,INR,2026-03-20T16:09:00+00:00,BATCH-143440
PO_2336,AMBIG-PO-129762,138000,0,0,0,138000,INR,2026-03-06T05:26:00+00:00,
PO_2133,RZP-DUP-998257,121220,0,0,0,121220,INR,2026-03-22T00:37:00+00:00,DUP-998257
PO_2066,RZP-PO-951461,19080,0,0,0,19080,INR,2026-03-22T11:58:00+00:00,BATCH-951461
PO_2193,RZP-NOISY-581229,57890,1157,0,0,56733,INR,2026-03-20T17:26:00+00:00,NOISE-581229
PO_2037,RZP-REV-935249,202920,4058,30438,10146,158278,INR,2026-03-04T06:56:00+00:00,REV-935249
PO_2192,RZP-BATCH-641331,213940,4278,0,0,209662,INR,2026-03-08T16:46:00+00:00,BATCH-CONSOL-641331
PO_2186,RZP-PO-784199,135800,0,0,0,135800,INR,2026-03-17T12:16:00+00:00,BATCH-784199
PO_2124,RZP-NOISY-421383,122490,2449,0,0,120041,INR,2026-03-19T10:08:00+00:00,NOISE-421383
PO_2191,RZP-PO-481982,17780,0,0,0,17780,INR,2026-03-02T06:08:00+00:00,BATCH-481982
PO_2280,RZP-PO-916383,107800,0,0,0,107800,INR,2026-03-20T16:54:00+00:00,BATCH-916383
PO_2074,RZP-NOISY-965882,84710,1694,0,0,83016,INR,2026-03-11T23:05:00+00:00,NOISE-965882
PO_2069,RZP-USD-753052,2500,0,0,0,2500,USD,2026-03-11T18:26:00+00:00,USD-753052
PO_2378,RZP-PO-694872,219300,5175,0,0,214125,INR,2026-03-08T02:23:00+00:00,BATCH-694872
PO_2109,RZP-MAL-160093,172510,500,0,0,172510,INR,2026-03-11T16:17:00+00:00,MAL-160093
PO_2073,RZP-DELAY-534558,76910,0,0,0,76910,INR,2026-03-14T11:11:00+00:00,DELAY-534558
PO_2237,RZP-ERR-479034,224180,0,0,0,224180,INR,2026-03-12T12:33:00+00:00,ERR-479034
PO_2118,RZP-BATCH-344816,92930,1857,0,0,91073,INR,2026-03-14T05:48:00+00:00,BATCH-CONSOL-344816
PO_2089,RZP-DELAY-105697,61760,0,0,0,61760,INR,2026-03-26T04:34:00+00:00,DELAY-105697
PO_2051,RZP-NOISY-865323,216780,4335,0,0,212445,INR,2026-03-07T03:31:00+00:00,NOISE-865323
PO_2218,RZP-PO-353798,182910,4316,0,0,178594,INR,2026-03-05T08:20:00+00:00,BATCH-353798
PO_2315,RZP-SPLIT-948361,220420,4408,0,0,216012,INR,2026-03-16T20:01:00+00:00,SPLIT-948361
PO_2244,RZP-REV-938862,211040,4220,31656,10552,164612,INR,2026-03-07T02:37:00+00:00,REV-938862
PO_2383,RZP-MAL-301701,121180,500,0,0,121180,INR,2026-03-14T07:28:00+00:00,MAL-301701
PO_2376,RZP-PO-134433,237150,0,0,0,237150,INR,2026-03-05T06:17:00+00:00,BATCH-134433
PO_2256,RZP-BATCH-497462,196230,3923,0,0,192307,INR,2026-03-12T22:12:00+00:00,BATCH-CONSOL-497462
PO_2335,RZP-DUP-713854,229570,0,0,0,229570,INR,2026-03-03T05:33:00+00:00,DUP-713854
PO_2370,RZP-PO-161082,25400,599,0,0,24801,INR,2026-03-09T10:46:00+00:00,BATCH-161082
PO_2178,AMBIG-PO-537600,50470,0,0,0,50470,INR,2026-03-15T22:18:00+00:00,
PO_2058,RZP-PO-805668,106690,0,0,0,106690,INR,2026-03-16T11:07:00+00:00,BATCH-805668
PO_2093,AMBIG-PO-113313,43100,0,0,0,43100,INR,2026-03-19T09:16:00+00:00,
PO_2120,RZP-BATCH-420811,306470,6128,0,0,300342,INR,2026-03-14T03:07:00+00:00,BATCH-CONSOL-420811
PO_2126,RZP-SPLIT-607867,110520,2210,0,0,108310,INR,2026-03-20T12:00:00+00:00,SPLIT-607867
PO_2055,RZP-PO-890982,70030,1652,0,0,68378,INR,2026-03-02T05:59:00+00:00,BATCH-890982
PO_2071,RZP-PO-852100,85270,2012,0,0,83258,INR,2026-03-20T15:40:00+00:00,BATCH-852100
PO_2373,RZP-PO-554094,223920,0,0,0,223920,INR,2026-03-07T21:25:00+00:00,BATCH-554094
PO_2175,RZP-SPLIT-195649,191550,3831,0,0,187719,INR,2026-03-04T04:29:00+00:00,SPLIT-195649
PO_2271,RZP-PO-798928,116010,0,0,0,116010,INR,2026-03-12T11:10:00+00:00,BATCH-798928
PO_2128,RZP-SPLIT-726834,121450,2429,0,0,119021,INR,2026-03-15T13:53:00+00:00,SPLIT-726834
PO_2168,RZP-ERR-799757,5640,0,0,0,5640,INR,2026-03-11T10:49:00+00:00,ERR-799757
PO_2268,RZP-PO-348468,140700,3320,0,0,137380,INR,2026-03-02T14:19:00+00:00,BATCH-348468
PO_2291,RZP-NOISY-571914,99590,1991,0,0,97599,INR,2026-03-09T18:21:00+00:00,NOISE-571914
PO_2337,RZP-PO-185414,57700,0,0,0,57700,INR,2026-03-10T15:25:00+00:00,BATCH-185414
PO_2246,RZP-PO-915864,82360,0,0,0,82360,INR,2026-03-08T09:34:00+00:00,BATCH-915864
PO_2127,RZP-DELAY-888172,195420,0,0,0,195420,INR,2026-03-16T10:33:00+00:00,DELAY-888172
PO_2346,RZP-BATCH-184222,157240,3144,0,0,154096,INR,2026-03-03T01:48:00+00:00,BATCH-CONSOL-184222
PO_2079,RZP-BATCH-998364,278370,5566,0,0,272804,INR,2026-03-04T10:32:00+00:00,BATCH-CONSOL-998364
PO_2390,RZP-BATCH-644630,221530,4429,0,0,217101,INR,2026-03-10T05:45:00+00:00,BATCH-CONSOL-644630
PO_2225,AMBIG-PO-706021,231730,0,0,0,231730,INR,2026-03-22T06:19:00+00:00,
PO_2285,RZP-PO-280372,54610,1288,0,0,53322,INR,2026-03-07T20:26:00+00:00,BATCH-280372
PO_2343,RZP-PO-222285,227290,0,0,0,227290,INR,2026-03-18T15:10:00+00:00,BATCH-222285
PO_2100,RZP-SPLIT-841947,193430,3868,0,0,189562,INR,2026-03-07T08:00:00+00:00,SPLIT-841947
PO_2115,RZP-BATCH-351427,242040,4840,0,0,237200,INR,2026-03-14T08:32:00+00:00,BATCH-CONSOL-351427
PO_2289,RZP-BATCH-684107,232320,4645,0,0,227675,INR,2026-03-08T18:27:00+00:00,BATCH-CONSOL-684107
PO_2009,RZP-PO-683006,182990,0,0,0,182990,INR,2026-03-20T15:41:00+00:00,BATCH-683006
PO_2329,RZP-SPLIT-187476,9240,184,0,0,9056,INR,2026-03-16T17:27:00+00:00,SPLIT-187476
PO_2250,RZP-NOISY-679222,219570,4391,0,0,215179,INR,2026-03-06T21:26:00+00:00,NOISE-679222
PO_2094,RZP-USD-927657,2500,0,0,0,2500,USD,2026-03-19T05:08:00+00:00,USD-927657
PO_2345,RZP-PO-587003,10520,0,0,0,10520,INR,2026-03-08T13:01:00+00:00,BATCH-587003
PO_2241,RZP-PO-607198,177220,0,0,0,177220,INR,2026-03-19T03:59:00+00:00,BATCH-607198
PO_2162,RZP-BATCH-865154,237320,4745,0,0,232575,INR,2026-03-05T04:55:00+00:00,BATCH-CONSOL-865154
PO_2326,RZP-SPLIT-406362,226760,4535,0,0,222225,INR,2026-03-22T03:46:00+00:00,SPLIT-406362
PO_2284,RZP-PO-435619,5310,0,0,0,5310,INR,2026-03-12T22:41:00+00:00,BATCH-435619
PO_2217,AMBIG-PO-475666,101350,0,0,0,101350,INR,2026-03-02T12:51:00+00:00,
PO_2157,AMBIG-PO-667804,76030,0,0,0,76030,INR,2026-03-22T00:03:00+00:00,
PO_2188,RZP-PO-350451,101860,0,0,0,101860,INR,2026-03-05T16:01:00+00:00,BATCH-350451
PO_2331,AMBIG-PO-675025,86300,0,0,0,86300,INR,2026-03-09T11:27:00+00:00,
PO_2362,RZP-BATCH-740040,155330,3105,0,0,152225,INR,2026-03-13T05:42:00+00:00,BATCH-CONSOL-740040
PO_2142,RZP-PO-377460,85070,2007,0,0,83063,INR,2026-03-07T12:43:00+00:00,BATCH-377460
PO_2017,RZP-BATCH-687261,163870,3277,0,0,160593,INR,2026-03-04T11:14:00+00:00,BATCH-CONSOL-687261
PO_2229,RZP-NOISY-157149,5540,110,0,0,5430,INR,2026-03-17T13:56:00+00:00,NOISE-157149
PO_2078,RZP-PO-231289,61730,1456,0,0,60274,INR,2026-03-04T23:50:00+00:00,BATCH-231289
PO_2360,RZP-BATCH-967337,124350,2486,0,0,121864,INR,2026-03-06T08:58:00+00:00,BATCH-CONSOL-967337
PO_2348,RZP-BATCH-729283,91430,1828,0,0,89602,INR,2026-03-15T01:35:00+00:00,BATCH-CONSOL-729283
PO_2368,RZP-DELAY-719063,140450,0,0,0,140450,INR,2026-03-09T04:12:00+00:00,DELAY-719063
PO_2253,RZP-DELAY-806301,161180,0,0,0,161180,INR,2026-03-17T01:22:00+00:00,DELAY-806301
PO_2365,AMBIG-PO-763543,174920,0,0,0,174920,INR,2026-03-06T23:04:00+00:00,
PO_2324,RZP-PO-311405,8200,0,0,0,8200,INR,2026-03-22T08:36:00+00:00,BATCH-311405
PO_2032,RZP-PO-720149,20610,486,0,0,20124,INR,2026-03-16T22:36:00+00:00,BATCH-720149
PO_2350,RZP-PO-336603,26280,0,0,0,26280,INR,2026-03-18T17:32:00+00:00,BATCH-336603
PO_2204,RZP-PO-578941,112070,0,0,0,112070,INR,2026-03-10T18:14:00+00:00,BATCH-578941
PO_2059,AMBIG-PO-828325,34790,0,0,0,34790,INR,2026-03-20T19:03:00+00:00,
PO_2114,RZP-PO-475726,74840,0,0,0,74840,INR,2026-03-19T09:12:00+00:00,BATCH-475726
PO_2233,RZP-SPLIT-460522,171530,3430,0,0,168100,INR,2026-03-10T20:45:00+00:00,SPLIT-460522
PO_2028,AMBIG-PO-705780,150810,0,0,0,150810,INR,2026-03-11T02:44:00+00:00,
PO_2070,RZP-PO-208458,176760,0,0,0,176760,INR,2026-03-04T07:08:00+00:00,BATCH-208458
PO_2333,RZP-PO-490102,120120,0,0,0,120120,INR,2026-03-08T00:46:00+00:00,BATCH-490102
PO_2011,RZP-PO-776662,25660,0,0,0,25660,INR,2026-03-22T04:58:00+00:00,BATCH-776662
PO_2327,RZP-PO-871914,24400,0,0,0,24400,INR,2026-03-09T15:38:00+00:00,BATCH-871914
PO_2113,RZP-REV-517902,44530,890,6679,2226,34735,INR,2026-03-16T04:35:00+00:00,REV-517902
PO_2031,RZP-PO-768935,74110,0,0,0,74110,INR,2026-03-02T13:49:00+00:00,BATCH-768935
PO_2182,RZP-PO-831613,96310,0,0,0,96310,INR,2026-03-04T13:55:00+00:00,BATCH-831613
PO_2104,RZP-PO-152592,233770,0,0,0,233770,INR,2026-03-16T08:34:00+00:00,BATCH-152592
PO_2145,RZP-BATCH-597349,241190,4823,0,0,236367,INR,2026-03-18T12:34:00+00:00,BATCH-CONSOL-597349
PO_2003,RZP-SPLIT-396463,207250,4145,0,0,203105,INR,2026-03-04T07:53:00+00:00,SPLIT-396463
PO_2321,RZP-REV-497548,73790,1475,11068,3689,57558,INR,2026-03-16T11:21:00+00:00,REV-497548
PO_2053,RZP-ORPHAN-857427,155750,0,0,0,155750,INR,2026-03-06T12:41:00+00:00,ORPHAN-857427
PO_2223,RZP-PO-652715,119090,0,0,0,119090,INR,2026-03-22T11:09:00+00:00,BATCH-652715
PO_2099,RZP-PO-458260,217660,5136,0,0,212524,INR,2026-03-18T08:06:00+00:00,BATCH-458260
PO_2038,RZP-DELAY-826112,22580,0,0,0,22580,INR,2026-03-23T01:35:00+00:00,DELAY-826112
PO_2297,RZP-PO-663490,20320,0,0,0,20320,INR,2026-03-08T15:07:00+00:00,BATCH-663490
PO_2067,RZP-PO-918577,223490,0,0,0,223490,INR,2026-03-12T13:38:00+00:00,BATCH-918577
PO_2146,RZP-PO-480756,200120,0,0,0,200120,INR,2026-03-15T10:54:00+00:00,BATCH-480756
PO_2092,RZP-BATCH-996345,170650,3413,0,0,167237,INR,2026-03-14T12:37:00+00:00,BATCH-CONSOL-996345
PO_2279,RZP-PO-377260,12260,0,0,0,12260,INR,2026-03-09T01:07:00+00:00,BATCH-377260
PO_2272,RZP-PO-337941,248300,0,0,0,248300,INR,2026-03-08T06:43:00+00:00,BATCH-337941
PO_2147,RZP-DELAY-106285,111840,0,0,0,111840,INR,2026-03-17T21:51:00+00:00,DELAY-106285
PO_2063,RZP-PO-888494,157380,3714,0,0,153666,INR,2026-03-19T02:01:00+00:00,BATCH-888494
PO_2048,RZP-REV-440451,52250,1045,7837,2612,40756,INR,2026-03-17T12:36:00+00:00,REV-440451
PO_2242,RZP-SPLIT-462916,236860,4737,0,0,232123,INR,2026-03-09T00:20:00+00:00,SPLIT-462916
PO_2221,AMBIG-PO-532270,157660,0,0,0,157660,INR,2026-03-01T23:01:00+00:00,
PO_2082,RZP-DELAY-963826,226250,0,0,0,226250,INR,2026-03-25T05:24:00+00:00,DELAY-963826
PO_2361,RZP-PO-411113,98730,2330,0,0,96400,INR,2026-03-08T21:45:00+00:00,BATCH-411113
PO_2264,RZP-SPLIT-505215,130490,2609,0,0,127881,INR,2026-03-11T13:56:00+00:00,SPLIT-505215
PO_2309,RZP-DELAY-463860,212390,0,0,0,212390,INR,2026-03-22T17:00:00+00:00,DELAY-463860
PO_2084,RZP-DUP-268967,243230,0,0,0,243230,INR,2026-03-06T05:32:00+00:00,DUP-268967
PO_2206,RZP-SPLIT-151725,62540,1250,0,0,61290,INR,2026-03-10T15:11:00+00:00,SPLIT-151725
PO_2125,RZP-PO-517703,120220,2837,0,0,117383,INR,2026-03-07T20:09:00+00:00,BATCH-517703
PO_2340,RZP-SPLIT-784458,199900,3998,0,0,195902,INR,2026-03-20T21:45:00+00:00,SPLIT-784458
PO_2202,RZP-PO-181134,77870,0,0,0,77870,INR,2026-03-13T21:36:00+00:00,BATCH-181134
PO_2047,RZP-PO-686004,204760,0,0,0,204760,INR,2026-03-04T07:30:00+00:00,BATCH-686004
PO_2176,RZP-REV-316159,18390,367,2758,919,14346,INR,2026-03-03T02:51:00+00:00,REV-316159
PO_2318,RZP-REV-753323,134440,2688,20166,6722,104864,INR,2026-03-11T19:20:00+00:00,REV-753323
PO_2210,RZP-BATCH-812199,214520,4290,0,0,210230,INR,2026-03-18T21:29:00+00:00,BATCH-CONSOL-812199
PO_2024,RZP-ERR-315576,43380,0,0,0,43380,INR,2026-03-01T16:50:00+00:00,ERR-315576
PO_2201,RZP-PO-692839,31930,753,0,0,31177,INR,2026-03-14T19:38:00+00:00,BATCH-692839
PO_2205,RZP-PO-641699,119230,0,0,0,119230,INR,2026-03-13T05:26:00+00:00,BATCH-641699
PO_2254,RZP-NOISY-749829,180050,3601,0,0,176449,INR,2026-03-16T02:41:00+00:00,NOISE-749829
PO_2357,RZP-PO-608905,52290,0,0,0,52290,INR,2026-03-07T20:35:00+00:00,BATCH-608905
PO_2144,RZP-PO-934230,43060,1016,0,0,42044,INR,2026-03-04T04:42:00+00:00,BATCH-934230
PO_2270,RZP-REV-830107,34430,688,5164,1721,26857,INR,2026-03-22T09:16:00+00:00,REV-830107
PO_2166,RZP-DUP-510140,170520,0,0,0,170520,INR,2026-03-07T09:40:00+00:00,DUP-510140
PO_2077,RZP-DELAY-860139,228870,0,0,0,228870,INR,2026-03-19T01:15:00+00:00,DELAY-860139
PO_2385,RZP-BATCH-927339,258340,5166,0,0,253174,INR,2026-03-19T13:29:00+00:00,BATCH-CONSOL-927339
PO_2159,RZP-NOISY-122291,82960,1659,0,0,81301,INR,2026-03-18T01:07:00+00:00,NOISE-122291
PO_2278,RZP-PO-912993,8550,0,0,0,8550,INR,2026-03-18T22:06:00+00:00,BATCH-912993
PO_2044,RZP-PO-266885,18770,442,0,0,18328,INR,2026-03-10T22:23:00+00:00,BATCH-266885
PO_2139,RZP-PO-640281,71960,0,0,0,71960,INR,2026-03-12T13:47:00+00:00,BATCH-640281
PO_2110,RZP-PO-806686,36010,0,0,0,36010,INR,2026-03-07T03:13:00+00:00,BATCH-806686
PO_2275,RZP-PO-582379,50670,0,0,0,50670,INR,2026-03-15T03:15:00+00:00,BATCH-582379
PO_2080,RZP-PO-986522,133420,0,0,0,133420,INR,2026-03-07T11:23:00+00:00,BATCH-986522
PO_2298,RZP-ERR-340626,176780,0,0,0,176780,INR,2026-03-15T22:01:00+00:00,ERR-340626
PO_2064,RZP-SPLIT-133061,73690,1473,0,0,72217,INR,2026-03-12T05:46:00+00:00,SPLIT-133061
PO_2103,RZP-BATCH-372050,418700,8372,0,0,410328,INR,2026-03-09T06:37:00+00:00,BATCH-CONSOL-372050
PO_2138,RZP-DUP-542202,213850,0,0,0,213850,INR,2026-03-09T03:03:00+00:00,DUP-542202
PO_2131,RZP-PO-652786,229780,0,0,0,229780,INR,2026-03-10T13:50:00+00:00,BATCH-652786
PO_2025,RZP-PO-999424,56670,0,0,0,56670,INR,2026-03-07T17:07:00+00:00,BATCH-999424
PO_2137,RZP-ERR-489742,149550,0,0,0,149550,INR,2026-03-18T03:00:00+00:00,ERR-489742
PO_2252,RZP-PO-435140,65430,0,0,0,65430,INR,2026-03-17T04:43:00+00:00,BATCH-435140
PO_2251,RZP-PO-319838,40020,944,0,0,39076,INR,2026-03-20T11:39:00+00:00,BATCH-319838
PO_2151,RZP-PO-229148,228440,5391,0,0,223049,INR,2026-03-12T17:30:00+00:00,BATCH-229148
PO_2392,RZP-PO-671800,38160,0,0,0,38160,INR,2026-03-20T14:28:00+00:00,BATCH-671800
PO_2030,RZP-PO-836009,148220,0,0,0,148220,INR,2026-03-02T22:34:00+00:00,BATCH-836009
PO_2152,RZP-REV-415985,194580,3891,29187,9729,151773,INR,2026-03-07T19:16:00+00:00,REV-415985
PO_2245,RZP-ERR-552492,188340,0,0,0,188340,INR,2026-03-03T22:57:00+00:00,ERR-552492
PO_2347,RZP-BATCH-232530,191740,3834,0,0,187906,INR,2026-03-05T10:07:00+00:00,BATCH-CONSOL-232530
PO_2022,RZP-PO-769265,105960,0,0,0,105960,INR,2026-03-19T15:03:00+00:00,BATCH-769265
PO_2043,RZP-PO-989441,112950,0,0,0,112950,INR,2026-03-14T22:26:00+00:00,BATCH-989441
PO_2222,RZP-MAL-361833,91500,500,0,0,91500,INR,2026-03-21T04:01:00+00:00,MAL-361833
PO_2083,RZP-PO-515267,142310,3358,0,0,138952,INR,2026-03-13T10:48:00+00:00,BATCH-515267
PO_2328,RZP-BATCH-128557,238910,4777,0,0,234133,INR,2026-03-14T12:03:00+00:00,BATCH-CONSOL-128557
PO_2369,RZP-NOISY-440815,197460,3949,0,0,193511,INR,2026-03-10T03:50:00+00:00,NOISE-440815
PO_2007,RZP-NOISY-718632,182120,3642,0,0,178478,INR,2026-03-17T15:29:00+00:00,NOISE-718632
PO_2219,RZP-PO-542418,170120,0,0,0,170120,INR,2026-03-11T17:23:00+00:00,BATCH-542418
PO_2200,RZP-PO-888504,133500,0,0,0,133500,INR,2026-03-11T11:44:00+00:00,BATCH-888504
PO_2160,AMBIG-PO-186288,196980,0,0,0,196980,INR,2026-03-18T02:26:00+00:00,
PO_2122,RZP-PO-385599,210770,0,0,0,210770,INR,2026-03-12T03:53:00+00:00,BATCH-385599
PO_2197,AMBIG-PO-831842,76760,0,0,0,76760,INR,2026-03-10T08:09:00+00:00,
PO_2286,RZP-NOISY-331722,116740,2334,0,0,114406,INR,2026-03-07T11:59:00+00:00,NOISE-331722
PO_2207,RZP-PO-302896,159200,3757,0,0,155443,INR,2026-03-05T18:14:00+00:00,BATCH-302896
PO_2041,RZP-PO-500185,233080,0,0,0,233080,INR,2026-03-04T23:32:00+00:00,BATCH-500185
PO_2322,RZP-BATCH-509590,46620,932,0,0,45688,INR,2026-03-10T06:44:00+00:00,BATCH-CONSOL-509590
PO_2177,RZP-REV-332287,236020,4720,35403,11801,184096,INR,2026-03-15T03:16:00+00:00,REV-332287
PO_2088,RZP-PO-120677,32510,0,0,0,32510,INR,2026-03-15T14:34:00+00:00,BATCH-120677
PO_2049,RZP-USD-519482,2500,0,0,0,2500,USD,2026-03-22T14:39:00+00:00,USD-519482
PO_2107,RZP-PO-470833,71580,0,0,0,71580,INR,2026-03-03T18:05:00+00:00,BATCH-470833
PO_2282,RZP-DELAY-995476,227220,0,0,0,227220,INR,2026-03-20T02:32:00+00:00,DELAY-995476
PO_2170,RZP-PO-301501,82120,1938,0,0,80182,INR,2026-03-12T08:46:00+00:00,BATCH-301501
PO_2174,RZP-REV-461311,157470,3149,23620,7873,122828,INR,2026-03-17T04:49:00+00:00,REV-461311
PO_2260,RZP-SPLIT-407840,183660,3673,0,0,179987,INR,2026-03-18T18:49:00+00:00,SPLIT-407840
PO_2010,RZP-BATCH-978765,334720,6693,0,0,328027,INR,2026-03-14T05:07:00+00:00,BATCH-CONSOL-978765
PO_2382,RZP-BATCH-408181,201870,4036,0,0,197834,INR,2026-03-02T15:16:00+00:00,BATCH-CONSOL-408181
PO_2308,RZP-PO-425072,88840,0,0,0,88840,INR,2026-03-19T06:19:00+00:00,BATCH-425072
PO_2292,AMBIG-PO-179247,161140,0,0,0,161140,INR,2026-03-12T09:44:00+00:00,
PO_2155,RZP-PO-937325,184630,0,0,0,184630,INR,2026-03-20T20:53:00+00:00,BATCH-937325
PO_2117,AMBIG-PO-123292,211860,0,0,0,211860,INR,2026-03-17T23:02:00+00:00,
PO_2194,RZP-PO-435292,68130,0,0,0,68130,INR,2026-03-12T04:49:00+00:00,BATCH-435292
PO_2140,RZP-BATCH-128217,235880,4716,0,0,231164,INR,2026-03-14T11:15:00+00:00,BATCH-CONSOL-128217
PO_2341,RZP-BATCH-319816,228950,4578,0,0,224372,INR,2026-03-09T04:55:00+00:00,BATCH-CONSOL-319816
PO_2351,RZP-BATCH-931874,92610,1851,0,0,90759,INR,2026-03-04T20:41:00+00:00,BATCH-CONSOL-931874
PO_2261,RZP-BATCH-867540,313260,6264,0,0,306996,INR,2026-03-17T11:57:00+00:00,BATCH-CONSOL-867540
PO_2209,AMBIG-PO-415841,111990,0,0,0,111990,INR,2026-03-13T01:08:00+00:00,
PO_2060,RZP-PO-496312,117420,0,0,0,117420,INR,2026-03-10T08:00:00+00:00,BATCH-496312
PO_2081,RZP-MAL-182975,60440,500,0,0,60440,INR,2026-03-03T15:44:00+00:00,MAL-182975
PO_2165,RZP-NOISY-727331,28790,575,0,0,28215,INR,2026-03-02T03:52:00+00:00,NOISE-727331
PO_2136,RZP-BATCH-968152,28120,562,0,0,27558,INR,2026-03-20T10:40:00+00:00,BATCH-CONSOL-968152
PO_2158,RZP-PO-255016,9920,0,0,0,9920,INR,2026-03-14T13:47:00+00:00,BATCH-255016
PO_2231,RZP-SPLIT-538281,164960,3299,0,0,161661,INR,2026-03-22T04:49:00+00:00,SPLIT-538281
PO_2054,RZP-ORPHAN-553683,143890,0,0,0,143890,INR,2026-03-02T14:22:00+00:00,ORPHAN-553683
PO_2355,RZP-DELAY-622975,199370,0,0,0,199370,INR,2026-03-11T16:02:00+00:00,DELAY-622975
PO_2236,RZP-PO-664611,151680,3579,0,0,148101,INR,2026-03-13T17:58:00+00:00,BATCH-664611
PO_2179,RZP-USD-848772,2500,0,0,0,2500,USD,2026-03-07T17:57:00+00:00,USD-848772
PO_2123,RZP-PO-990196,12940,0,0,0,12940,INR,2026-03-04T11:19:00+00:00,BATCH-990196
PO_2072,RZP-PO-918120,60730,1433,0,0,59297,INR,2026-03-13T05:15:00+00:00,BATCH-918120
PO_2215,RZP-PO-487249,113640,2681,0,0,110959,INR,2026-03-03T15:59:00+00:00,BATCH-487249
PO_2339,RZP-PO-837305,239640,5655,0,0,233985,INR,2026-03-11T16:46:00+00:00,BATCH-837305
PO_2181,RZP-DELAY-581329,239870,0,0,0,239870,INR,2026-03-07T15:49:00+00:00,DELAY-581329
PO_2052,AMBIG-PO-428658,132850,0,0,0,132850,INR,2026-03-18T19:00:00+00:00,
PO_2180,RZP-PO-947464,20710,0,0,0,20710,INR,2026-03-12T08:45:00+00:00,BATCH-947464
PO_2135,RZP-PO-283678,18470,0,0,0,18470,INR,2026-03-19T16:37:00+00:00,BATCH-283678
PO_2065,RZP-PO-526005,147310,0,0,0,147310,INR,2026-03-14T21:37:00+00:00,BATCH-526005
PO_2098,AMBIG-PO-795123,169910,0,0,0,169910,INR,2026-03-19T22:38:00+00:00,
PO_2234,RZP-SPLIT-982238,106050,2121,0,0,103929,INR,2026-03-19T03:02:00+00:00,SPLIT-982238
PO_2130,AMBIG-PO-709061,240240,0,0,0,240240,INR,2026-03-07T20:29:00+00:00,
PO_2266,RZP-PO-987709,42860,0,0,0,42860,INR,2026-03-14T12:45:00+00:00,BATCH-987709
PO_2171,RZP-PO-692043,146650,0,0,0,146650,INR,2026-03-11T09:35:00+00:00,BATCH-692043
PO_2057,RZP-PO-117773,231290,5458,0,0,225832,INR,2026-03-21T18:18:00+00:00,BATCH-117773
PO_2281,RZP-PO-266665,51550,1216,0,0,50334,INR,2026-03-08T19:26:00+00:00,BATCH-266665
PO_2106,RZP-SPLIT-386255,27660,553,0,0,27107,INR,2026-03-15T06:06:00+00:00,SPLIT-386255
PO_2141,RZP-NOISY-973653,77600,1552,0,0,76048,INR,2026-03-07T10:49:00+00:00,NOISE-973653
PO_2247,RZP-PO-233153,131370,0,0,0,131370,INR,2026-03-21T08:49:00+00:00,BATCH-233153
PO_2386,AMBIG-PO-586981,91790,0,0,0,91790,INR,2026-03-08T08:10:00+00:00,
PO_2319,RZP-BATCH-273361,154690,3093,0,0,151597,INR,2026-03-05T09:19:00+00:00,BATCH-CONSOL-273361
PO_2305,RZP-PO-797693,192100,4533,0,0,187567,INR,2026-03-13T13:53:00+00:00,BATCH-797693
PO_2306,RZP-PO-295376,99180,2340,0,0,96840,INR,2026-03-09T00:15:00+00:00,BATCH-295376
PO_2045,RZP-NOISY-903177,99490,1989,0,0,97501,INR,2026-03-11T02:46:00+00:00,NOISE-903177
PO_2187,RZP-DUP-814096,175270,0,0,0,175270,INR,2026-03-04T15:39:00+00:00,DUP-814096
PO_2375,RZP-PO-247378,118050,0,0,0,118050,INR,2026-03-12T05:50:00+00:00,BATCH-247378
PO_2150,RZP-PO-941452,216440,0,0,0,216440,INR,2026-03-05T19:42:00+00:00,BATCH-941452
PO_2277,RZP-DELAY-416170,18070,0,0,0,18070,INR,2026-03-08T13:17:00+00:00,DELAY-416170
PO_2203,RZP-PO-576661,171350,0,0,0,171350,INR,2026-03-16T21:39:00+00:00,BATCH-576661
PO_2338,RZP-PO-314597,159430,3762,0,0,155668,INR,2026-03-06T05:18:00+00:00,BATCH-314597
PO_2353,RZP-DELAY-933390,32700,0,0,0,32700,INR,2026-03-21T01:26:00+00:00,DELAY-933390
PO_2046,RZP-BATCH-186873,229200,4582,0,0,224618,INR,2026-03-16T06:39:00+00:00,BATCH-CONSOL-186873
PO_2367,RZP-PO-331231,69220,1633,0,0,67587,INR,2026-03-13T23:29:00+00:00,BATCH-331231
PO_2371,RZP-DELAY-236528,83210,0,0,0,83210,INR,2026-03-14T17:16:00+00:00,DELAY-236528
PO_2026,RZP-ORPHAN-256277,103160,0,0,0,103160,INR,2026-03-09T03:17:00+00:00,ORPHAN-256277
PO_2342,AMBIG-PO-142751,192330,0,0,0,192330,INR,2026-03-05T13:57:00+00:00,
PO_2304,RZP-REV-933021,19620,392,2943,981,15304,INR,2026-03-05T22:09:00+00:00,REV-933021
PO_2148,RZP-DUP-842692,113680,0,0,0,113680,INR,2026-03-04T23:54:00+00:00,DUP-842692
PO_2198,RZP-BATCH-809754,53470,1068,0,0,52402,INR,2026-03-14T15:31:00+00:00,BATCH-CONSOL-809754
PO_2301,RZP-PO-842458,117340,0,0,0,117340,INR,2026-03-08T10:46:00+00:00,BATCH-842458
PO_2034,RZP-BATCH-561866,151590,3031,0,0,148559,INR,2026-03-14T07:10:00+00:00,BATCH-CONSOL-561866
PO_2042,RZP-PO-114405,134520,3174,0,0,131346,INR,2026-03-16T08:08:00+00:00,BATCH-114405
PO_2086,RZP-BATCH-769177,431240,8623,0,0,422617,INR,2026-03-11T21:28:00+00:00,BATCH-CONSOL-769177
PO_2161,RZP-DELAY-328657,23680,0,0,0,23680,INR,2026-03-18T17:50:00+00:00,DELAY-328657
PO_2097,RZP-PO-520625,217840,0,0,0,217840,INR,2026-03-02T03:36:00+00:00,BATCH-520625
PO_2184,AMBIG-PO-134537,67870,0,0,0,67870,INR,2026-03-04T21:43:00+00:00,
PO_2263,RZP-BATCH-851165,399310,7984,0,0,391326,INR,2026-03-18T15:47:00+00:00,BATCH-CONSOL-851165
PO_2330,RZP-PO-759119,237730,5610,0,0,232120,INR,2026-03-19T08:18:00+00:00,BATCH-759119
PO_2224,RZP-NOISY-852136,23700,474,0,0,23226,INR,2026-03-03T05:32:00+00:00,NOISE-852136
PO_2156,RZP-NOISY-258108,68210,1364,0,0,66846,INR,2026-03-02T19:36:00+00:00,NOISE-258108
PO_2344,RZP-BATCH-785755,195920,3917,0,0,192003,INR,2026-03-19T05:42:00+00:00,BATCH-CONSOL-785755
PO_2299,RZP-PO-403138,84330,0,0,0,84330,INR,2026-03-17T04:30:00+00:00,BATCH-403138
PO_2143,RZP-BATCH-816613,124030,2480,0,0,121550,INR,2026-03-16T13:39:00+00:00,BATCH-CONSOL-816613
PO_2249,RZP-NOISY-813730,185310,3706,0,0,181604,INR,2026-03-12T02:11:00+00:00,NOISE-813730
PO_2391,RZP-PO-220500,95430,0,0,0,95430,INR,2026-03-04T08:43:00+00:00,BATCH-220500
PO_2172,RZP-PO-741716,117690,0,0,0,117690,INR,2026-03-11T12:28:00+00:00,BATCH-741716
PO_2134,AMBIG-PO-556927,157920,0,0,0,157920,INR,2026-03-21T19:18:00+00:00,
PO_2356,RZP-SPLIT-348010,26650,533,0,0,26117,INR,2026-03-07T09:34:00+00:00,SPLIT-348010
PO_2101,RZP-BATCH-912542,174750,3494,0,0,171256,INR,2026-03-02T05:59:00+00:00,BATCH-CONSOL-912542
PO_2384,RZP-BATCH-601096,169080,3381,0,0,165699,INR,2026-03-10T19:17:00+00:00,BATCH-CONSOL-601096
PO_2302,RZP-PO-802410,56050,1322,0,0,54728,INR,2026-03-09T18:29:00+00:00,BATCH-802410
PO_2050,RZP-BATCH-188591,206790,4135,0,0,202655,INR,2026-03-04T14:49:00+00:00,BATCH-CONSOL-188591
PO_2173,RZP-NOISY-823813,19280,385,0,0,18895,INR,2026-03-03T12:21:00+00:00,NOISE-823813
PO_2214,RZP-BATCH-704594,366860,7336,0,0,359524,INR,2026-03-19T21:04:00+00:00,BATCH-CONSOL-704594
PO_2387,RZP-PO-468775,186390,0,0,0,186390,INR,2026-03-16T07:14:00+00:00,BATCH-468775
PO_2076,RZP-BATCH-480726,360390,7205,0,0,353185,INR,2026-03-22T08:24:00+00:00,BATCH-CONSOL-480726
PO_2056,RZP-BATCH-840008,142550,2850,0,0,139700,INR,2026-03-10T03:20:00+00:00,BATCH-CONSOL-840008
PO_2374,RZP-PO-675445,206460,0,0,0,206460,INR,2026-03-03T15:24:00+00:00,BATCH-675445
PO_2377,RZP-PO-372198,140320,3311,0,0,137009,INR,2026-03-22T18:16:00+00:00,BATCH-372198
PO_2332,RZP-PO-176120,239580,0,0,0,239580,INR,2026-03-03T01:12:00+00:00,BATCH-176120
PO_2012,RZP-PO-301985,24910,0,0,0,24910,INR,2026-03-18T15:43:00+00:00,BATCH-301985
PO_2359,RZP-PO-927277,227560,5370,0,0,222190,INR,2026-03-09T06:50:00+00:00,BATCH-927277
PO_2235,RZP-SPLIT-189668,211900,4238,0,0,207662,INR,2026-03-13T01:17:00+00:00,SPLIT-189668
PO_2216,RZP-PO-436145,239650,5655,0,0,233995,INR,2026-03-02T00:32:00+00:00,BATCH-436145
PO_2255,RZP-BATCH-217853,178530,3570,0,0,174960,INR,2026-03-10T18:10:00+00:00,BATCH-CONSOL-217853
PO_2153,RZP-NOISY-320160,119200,2384,0,0,116816,INR,2026-03-07T14:47:00+00:00,NOISE-320160
PO_2036,RZP-PO-146628,8350,197,0,0,8153,INR,2026-03-19T16:01:00+00:00,BATCH-146628
PO_2325,RZP-REV-712650,145450,2909,21817,7272,113452,INR,2026-03-06T16:23:00+00:00,REV-712650
PO_2169,RZP-BATCH-245832,143180,2863,0,0,140317,INR,2026-03-22T15:11:00+00:00,BATCH-CONSOL-245832
PO_2258,RZP-BATCH-221221,229190,4583,0,0,224607,INR,2026-03-07T22:41:00+00:00,BATCH-CONSOL-221221
PO_2020,RZP-PO-825089,53360,1259,0,0,52101,INR,2026-03-08T20:10:00+00:00,BATCH-825089
PO_2105,RZP-DUP-325428,194920,0,0,0,194920,INR,2026-03-05T11:06:00+00:00,DUP-325428
PO_2116,RZP-DELAY-887696,5490,0,0,0,5490,INR,2026-03-16T07:03:00+00:00,DELAY-887696
PO_2314,RZP-PO-291306,160410,0,0,0,160410,INR,2026-03-09T08:43:00+00:00,BATCH-291306
PO_2004,RZP-PO-430750,40290,0,0,0,40290,INR,2026-03-20T10:17:00+00:00,BATCH-430750
PO_2363,RZP-PO-210359,102190,2411,0,0,99779,INR,2026-03-15T20:14:00+00:00,BATCH-210359
PO_2358,RZP-REV-825161,65270,1305,9790,3263,50912,INR,2026-03-08T15:25:00+00:00,REV-825161
PO_2248,RZP-BATCH-967623,479870,9596,0,0,470274,INR,2026-03-18T12:03:00+00:00,BATCH-CONSOL-967623
PO_2379,RZP-BATCH-604362,55000,1099,0,0,53901,INR,2026-03-03T02:08:00+00:00,BATCH-CONSOL-604362
PO_2226,RZP-PO-977867,89180,0,0,0,89180,INR,2026-03-11T04:23:00+00:00,BATCH-977867
PO_2307,RZP-PO-133984,169590,4002,0,0,165588,INR,2026-03-06T03:54:00+00:00,BATCH-133984
PO_2312,RZP-BATCH-172066,505320,10105,0,0,495215,INR,2026-03-05T08:43:00+00:00,BATCH-CONSOL-172066
PO_2023,RZP-PO-437463,182560,4308,0,0,178252,INR,2026-03-22T05:04:00+00:00,BATCH-437463
PO_2213,RZP-NOISY-123816,5030,100,0,0,4930,INR,2026-03-21T21:44:00+00:00,NOISE-123816
PO_2035,RZP-PO-786181,167600,0,0,0,167600,INR,2026-03-19T00:53:00+00:00,BATCH-786181
PO_2085,RZP-DELAY-763837,27080,0,0,0,27080,INR,2026-03-25T04:20:00+00:00,DELAY-763837
PO_2119,RZP-DUP-137104,65750,0,0,0,65750,INR,2026-03-18T13:11:00+00:00,DUP-137104
PO_2295,RZP-PO-797353,136460,0,0,0,136460,INR,2026-03-13T12:38:00+00:00,BATCH-797353
PO_2276,RZP-PO-506232,113650,0,0,0,113650,INR,2026-03-13T18:10:00+00:00,BATCH-506232
PO_2283,RZP-ERR-643545,184370,0,0,0,184370,INR,2026-03-02T23:45:00+00:00,ERR-643545
PO_2273,RZP-PO-235431,162150,0,0,0,162150,INR,2026-03-02T01:44:00+00:00,BATCH-235431
PO_2388,RZP-PO-767773,241480,0,0,0,241480,INR,2026-03-12T00:44:00+00:00,BATCH-767773
PO_2364,RZP-PO-393673,8840,0,0,0,8840,INR,2026-03-22T05:44:00+00:00,BATCH-393673
PO_2259,RZP-BATCH-706211,263780,5274,0,0,258506,INR,2026-03-10T05:45:00+00:00,BATCH-CONSOL-706211
PO_2108,RZP-PO-142721,14990,0,0,0,14990,INR,2026-03-18T16:51:00+00:00,BATCH-142721
PO_2001,RZP-PO-336096,99880,2357,0,0,97523,INR,2026-03-04T18:24:00+00:00,BATCH-336096
PO_2294,AMBIG-PO-299329,22120,0,0,0,22120,INR,2026-03-03T05:58:00+00:00,
PO_2039,RZP-PO-497375,41920,989,0,0,40931,INR,2026-03-08T11:34:00+00:00,BATCH-497375
PO_2287,RZP-SPLIT-116274,211110,4222,0,0,206888,INR,2026-03-09T07:11:00+00:00,SPLIT-116274
PO_2013,RZP-ERR-672881,164790,0,0,0,164790,INR,2026-03-18T10:21:00+00:00,ERR-672881
PO_2149,RZP-PO-665515,149510,0,0,0,149510,INR,2026-03-20T17:34:00+00:00,BATCH-665515
PO_2185,RZP-DUP-978661,21590,0,0,0,21590,INR,2026-03-06T22:14:00+00:00,DUP-978661
PO_2033,RZP-SPLIT-162581,224650,4493,0,0,220157,INR,2026-03-02T08:10:00+00:00,SPLIT-162581
PO_2075,RZP-PO-539532,246170,0,0,0,246170,INR,2026-03-20T11:00:00+00:00,BATCH-539532
PO_2006,RZP-DELAY-874483,238820,0,0,0,238820,INR,2026-03-19T10:02:00+00:00,DELAY-874483
PO_2352,RZP-PO-210739,166820,0,0,0,166820,INR,2026-03-07T07:30:00+00:00,BATCH-210739
PO_2087,RZP-PO-894659,55990,0,0,0,55990,INR,2026-03-12T07:43:00+00:00,BATCH-894659
PO_2163,RZP-BATCH-404666,189410,3787,0,0,185623,INR,2026-03-16T14:34:00+00:00,BATCH-CONSOL-404666
PO_2240,RZP-PO-985800,90080,0,0,0,90080,INR,2026-03-12T13:31:00+00:00,BATCH-985800
PO_2062,RZP-PO-352355,93350,2203,0,0,91147,INR,2026-03-03T01:25:00+00:00,BATCH-352355
PO_2183,RZP-DELAY-207417,8060,0,0,0,8060,INR,2026-03-17T03:43:00+00:00,DELAY-207417
PO_2061,RZP-PO-663330,244510,0,0,0,244510,INR,2026-03-13T07:52:00+00:00,BATCH-663330
