settlement_id,decision,confidence_score,is_fully_reconciled,stage1_transaction_ids,stage1_gross_sum_minor,stage1_payout_gross_minor,stage2_bank_entry_ids,stage2_bank_credit_sum_minor,stage2_payout_net_minor,failure_reasons,validator_checks
PO_2303,AUTO_APPROVED,0.8955,True,TXN_1410,147430,147430,BNK_3329,147430,147430,,"{""PAYOUT_INTERNAL_EQUATION"": true, ""STAGE1_BALANCE"": true, ""STAGE2_BALANCE"": true, ""CURRENCY_CONSISTENCY"": true, ""DATE_ORDER_VALIDITY"": true}"
PO_2327,AUTO_APPROVED,0.896,True,TXN_1439,49730,49730,BNK_3353,49730,49730,,"{""PAYOUT_INTERNAL_EQUATION"": true, ""STAGE1_BALANCE"": true, ""STAGE2_BALANCE"": true, ""CURRENCY_CONSISTENCY"": true, ""DATE_ORDER_VALIDITY"": true}"
PO_2186,AUTO_APPROVED,0.8924,True,TXN_1250,173210,173210,BNK_3206,135105,135105,,"{""PAYOUT_INTERNAL_EQUATION"": true, ""STAGE1_BALANCE"": true, ""STAGE2_BALANCE"": true, ""CURRENCY_CONSISTENCY"": true, ""DATE_ORDER_VALIDITY"": true}"
PO_2037,AUTO_APPROVED,0.8924,True,TXN_1053,40070,40070,BNK_3044,31256,31256,,"{""PAYOUT_INTERNAL_EQUATION"": true, ""STAGE1_BALANCE"": true, ""STAGE2_BALANCE"": true, ""CURRENCY_CONSISTENCY"": true, ""DATE_ORDER_VALIDITY"": true}"
PO_2297,NEEDS_REVIEW,0.6843,False,TXN_1404,238670,238670,BNK_3323,233897,233897,,"{""PAYOUT_INTERNAL_EQUATION"": true, ""STAGE1_BALANCE"": true, ""STAGE2_BALANCE"": true, ""CURRENCY_CONSISTENCY"": true, ""DATE_ORDER_VALIDITY"": true}"
PO_2149,AUTO_APPROVED,0.8941,True,TXN_1207,40460,40460,BNK_3164,40460,40460,,"{""PAYOUT_INTERNAL_EQUATION"": true, ""STAGE1_BALANCE"": true, ""STAGE2_BALANCE"": true, ""CURRENCY_CONSISTENCY"": true, ""DATE_ORDER_VALIDITY"": true}"
PO_2178,AUTO_APPROVED,0.8968,True,TXN_1242,67910,67910,BNK_3197,67910,67910,,"{""PAYOUT_INTERNAL_EQUATION"": true, ""STAGE1_BALANCE"": true, ""STAGE2_BALANCE"": true, ""CURRENCY_CONSISTENCY"": true, ""DATE_ORDER_VALIDITY"": true}"
PO_2256,AUTO_APPROVED,0.8184,True,TXN_1349,203480,203480,BNK_3281;BNK_3282,199411,199411,,"{""PAYOUT_INTERNAL_EQUATION"": true, ""STAGE1_BALANCE"": true, ""STAGE2_BALANCE"": true, ""CURRENCY_CONSISTENCY"": true, ""DATE_ORDER_VALIDITY"": true}"
PO_2172,AUTO_APPROVED,0.8952,True,TXN_1236,124240,124240,BNK_3190,124240,124240,,"{""PAYOUT_INTERNAL_EQUATION"": true, ""STAGE1_BALANCE"": true, ""STAGE2_BALANCE"": true, ""CURRENCY_CONSISTENCY"": true, ""DATE_ORDER_VALIDITY"": true}"
PO_2283,NEEDS_REVIEW,0.7891,False,TXN_1383;TXN_1382;TXN_1381;TXN_1380,381410,381410,BNK_3308,373782,373782,,"{""PAYOUT_INTERNAL_EQUATION"": true, ""STAGE1_BALANCE"": true, ""STAGE2_BALANCE"": true, ""CURRENCY_CONSISTENCY"": true, ""DATE_ORDER_VALIDITY"": true}"
PO_2193,AUTO_APPROVED,0.8944,True,TXN_1257,193430,193430,BNK_3213,193430,193430,,"{""PAYOUT_INTERNAL_EQUATION"": true, ""STAGE1_BALANCE"": true, ""STAGE2_BALANCE"": true, ""CURRENCY_CONSISTENCY"": true, ""DATE_ORDER_VALIDITY"": true}"
PO_2240,AUTO_APPROVED,0.8768,True,TXN_1329,188660,188660,BNK_3264,188660,188660,,"{""PAYOUT_INTERNAL_EQUATION"": true, ""STAGE1_BALANCE"": true, ""STAGE2_BALANCE"": true, ""CURRENCY_CONSISTENCY"": true, ""DATE_ORDER_VALIDITY"": true}"
PO_2231,AUTO_APPROVED,0.8912,True,TXN_1315,133760,133760,BNK_3254,133760,133760,,"{""PAYOUT_INTERNAL_EQUATION"": true, ""STAGE1_BALANCE"": true, ""STAGE2_BALANCE"": true, ""CURRENCY_CONSISTENCY"": true, ""DATE_ORDER_VALIDITY"": true}"
PO_2222,NEEDS_REVIEW,0.7856,False,TXN_1297;TXN_1296,87830,87830,BNK_3245,86074,86074,,"{""PAYOUT_INTERNAL_EQUATION"": true, ""STAGE1_BALANCE"": true, ""STAGE2_BALANCE"": true, ""CURRENCY_CONSISTENCY"": true, ""DATE_ORDER_VALIDITY"": true}"
PO_2113,AUTO_APPROVED,0.8968,True,TXN_1155,55580,55580,BNK_3125,55580,55580,,"{""PAYOUT_INTERNAL_EQUATION"": true, ""STAGE1_BALANCE"": true, ""STAGE2_BALANCE"": true, ""CURRENCY_CONSISTENCY"": true, ""DATE_ORDER_VALIDITY"": true}"
PO_2184,AUTO_APPROVED,0.8768,True,TXN_1248,203130,203130,BNK_3204,203130,203130,,"{""PAYOUT_INTERNAL_EQUATION"": true, ""STAGE1_BALANCE"": true, ""STAGE2_BALANCE"": true, ""CURRENCY_CONSISTENCY"": true, ""DATE_ORDER_VALIDITY"": true}"
PO_2083,AUTO_APPROVED,0.8941,True,TXN_1117,163660,163660,BNK_3090,163660,163660,,"{""PAYOUT_INTERNAL_EQUATION"": true, ""STAGE1_BALANCE"": true, ""STAGE2_BALANCE"": true, ""CURRENCY_CONSISTENCY"": true, ""DATE_ORDER_VALIDITY"": true}"
PO_2343,NEEDS_REVIEW,0.7909,False,TXN_1461;TXN_1460;TXN_1459,226600,226600,BNK_3369,222069,222069,,"{""PAYOUT_INTERNAL_EQUATION"": true, ""STAGE1_BALANCE"": true, ""STAGE2_BALANCE"": true, ""CURRENCY_CONSISTENCY"": true, ""DATE_ORDER_VALIDITY"": true}"
PO_2352,AUTO_APPROVED,0.8941,True,TXN_1473,133360,133360,BNK_3379,133360,133360,,"{""PAYOUT_INTERNAL_EQUATION"": true, ""STAGE1_BALANCE"": true, ""STAGE2_BALANCE"": true, ""CURRENCY_CONSISTENCY"": true, ""DATE_ORDER_VALIDITY"": true}"
PO_2035,NEEDS_REVIEW,0.7898,False,TXN_1051;TXN_1050;TXN_1049;TXN_1048,404950,404950,BNK_3042,396852,396852,,"{""PAYOUT_INTERNAL_EQUATION"": true, ""STAGE1_BALANCE"": true, ""STAGE2_BALANCE"": true, ""CURRENCY_CONSISTENCY"": true, ""DATE_ORDER_VALIDITY"": true}"
PO_2318,AUTO_APPROVED,0.8924,True,TXN_1430,188450,188450,BNK_3343,146992,146992,,"{""PAYOUT_INTERNAL_EQUATION"": true, ""STAGE1_BALANCE"": true, ""STAGE2_BALANCE"": true, ""CURRENCY_CONSISTENCY"": true, ""DATE_ORDER_VALIDITY"": true}"
PO_2135,NEEDS_REVIEW,0.6843,False,TXN_1190,190000,190000,BNK_3149,186200,186200,,"{""PAYOUT_INTERNAL_EQUATION"": true, ""STAGE1_BALANCE"": true, ""STAGE2_BALANCE"": true, ""CURRENCY_CONSISTENCY"": true, ""DATE_ORDER_VALIDITY"": true}"
PO_2298,AUTO_APPROVED,0.8947,True,TXN_1405,55550,55550,BNK_3324,55550,55550,,"{""PAYOUT_INTERNAL_EQUATION"": true, ""STAGE1_BALANCE"": true, ""STAGE2_BALANCE"": true, ""CURRENCY_CONSISTENCY"": true, ""DATE_ORDER_VALIDITY"": true}"
PO_2004,AUTO_APPROVED,0.8942,True,TXN_1006,36690,36690,BNK_3005,35825,35825,,"{""PAYOUT_INTERNAL_EQUATION"": true, ""STAGE1_BALANCE"": true, ""STAGE2_BALANCE"": true, ""CURRENCY_CONSISTENCY"": true, ""DATE_ORDER_VALIDITY"": true}"
PO_2217,AUTO_APPROVED,0.895,True,TXN_1290,58070,58070,BNK_3238,56700,56700,,"{""PAYOUT_INTERNAL_EQUATION"": true, ""STAGE1_BALANCE"": true, ""STAGE2_BALANCE"": true, ""CURRENCY_CONSISTENCY"": true, ""DATE_ORDER_VALIDITY"": true}"
PO_2287,AUTO_APPROVED,0.8945,True,TXN_1390,169560,169560,BNK_3313,165559,165559,,"{""PAYOUT_INTERNAL_EQUATION"": true, ""STAGE1_BALANCE"": true, ""STAGE2_BALANCE"": true, ""CURRENCY_CONSISTENCY"": true, ""DATE_ORDER_VALIDITY"": true}"
PO_2075,AUTO_APPROVED,0.8915,True,TXN_1106,62710,62710,BNK_3081,61231,61231,,"{""PAYOUT_INTERNAL_EQUATION"": true, ""STAGE1_BALANCE"": true, ""STAGE2_BALANCE"": true, ""CURRENCY_CONSISTENCY"": true, ""DATE_ORDER_VALIDITY"": true}"
PO_2080,NEEDS_REVIEW,0.7908,False,TXN_1114;TXN_1113,120450,120450,BNK_3087,118041,118041,,"{""PAYOUT_INTERNAL_EQUATION"": true, ""STAGE1_BALANCE"": true, ""STAGE2_BALANCE"": true, ""CURRENCY_CONSISTENCY"": true, ""DATE_ORDER_VALIDITY"": true}"
PO_2341,AUTO_APPROVED,0.8938,True,TXN_1457,164030,164030,BNK_3367,164030,164030,,"{""PAYOUT_INTERNAL_EQUATION"": true, ""STAGE1_BALANCE"": true, ""STAGE2_BALANCE"": true, ""CURRENCY_CONSISTENCY"": true, ""DATE_ORDER_VALIDITY"": true}"
PO_2018,AUTO_APPROVED,0.8942,True,TXN_1028,27670,27670,BNK_3023,27670,27670,,"{""PAYOUT_INTERNAL_EQUATION"": true, ""STAGE1_BALANCE"": true, ""STAGE2_BALANCE"": true, ""CURRENCY_CONSISTENCY"": true, ""DATE_ORDER_VALIDITY"": true}"
PO_2107,AUTO_APPROVED,0.8924,True,TXN_1146,67450,67450,BNK_3119,52612,52612,,"{""PAYOUT_INTERNAL_EQUATION"": true, ""STAGE1_BALANCE"": true, ""STAGE2_BALANCE"": true, ""CURRENCY_CONSISTENCY"": true, ""DATE_ORDER_VALIDITY"": true}"
PO_2072,NEEDS_REVIEW,0.6843,False,TXN_1103,210530,210530,BNK_3078,206320,206320,,"{""PAYOUT_INTERNAL_EQUATION"": true, ""STAGE1_BALANCE"": true, ""STAGE2_BALANCE"": true, ""CURRENCY_CONSISTENCY"": true, ""DATE_ORDER_VALIDITY"": true}"
PO_2095,AUTO_APPROVED,0.8768,True,TXN_1133,158580,158580,BNK_3103,158580,158580,,"{""PAYOUT_INTERNAL_EQUATION"": true, ""STAGE1_BALANCE"": true, ""STAGE2_BALANCE"": true, ""CURRENCY_CONSISTENCY"": true, ""DATE_ORDER_VALIDITY"": true}"
PO_2233,NEEDS_REVIEW,0.7898,False,TXN_1320;TXN_1319;TXN_1318;TXN_1317,386920,386920,BNK_3256,379184,379184,,"{""PAYOUT_INTERNAL_EQUATION"": true, ""STAGE1_BALANCE"": true, ""STAGE2_BALANCE"": true, ""CURRENCY_CONSISTENCY"": true, ""DATE_ORDER_VALIDITY"": true}"
PO_2237,AUTO_APPROVED,0.8768,True,TXN_1324,72940,72940,BNK_3260,72940,72940,,"{""PAYOUT_INTERNAL_EQUATION"": true, ""STAGE1_BALANCE"": true, ""STAGE2_BALANCE"": true, ""CURRENCY_CONSISTENCY"": true, ""DATE_ORDER_VALIDITY"": true}"
PO_2248,AUTO_APPROVED,0.8926,True,TXN_1339,215140,215140,BNK_3272,215140,215140,,"{""PAYOUT_INTERNAL_EQUATION"": true, ""STAGE1_BALANCE"": true, ""STAGE2_BALANCE"": true, ""CURRENCY_CONSISTENCY"": true, ""DATE_ORDER_VALIDITY"": true}"
PO_2060,AUTO_APPROVED,0.9061,True,TXN_1084,95860,95860,BNK_3066,95860,95860,,"{""PAYOUT_INTERNAL_EQUATION"": true, ""STAGE1_BALANCE"": true, ""STAGE2_BALANCE"": true, ""CURRENCY_CONSISTENCY"": true, ""DATE_ORDER_VALIDITY"": true}"
PO_2279,AUTO_APPROVED,0.8934,True,TXN_1376,83420,83420,BNK_3304,83420,83420,,"{""PAYOUT_INTERNAL_EQUATION"": true, ""STAGE1_BALANCE"": true, ""STAGE2_BALANCE"": true, ""CURRENCY_CONSISTENCY"": true, ""DATE_ORDER_VALIDITY"": true}"
PO_2038,AUTO_APPROVED,0.8768,True,TXN_1054,117350,117350,BNK_3045,117350,117350,,"{""PAYOUT_INTERNAL_EQUATION"": true, ""STAGE1_BALANCE"": true, ""STAGE2_BALANCE"": true, ""CURRENCY_CONSISTENCY"": true, ""DATE_ORDER_VALIDITY"": true}"
PO_2101,AUTO_APPROVED,0.895,True,TXN_1140,137440,137440,BNK_3110,137440,137440,,"{""PAYOUT_INTERNAL_EQUATION"": true, ""STAGE1_BALANCE"": true, ""STAGE2_BALANCE"": true, ""CURRENCY_CONSISTENCY"": true, ""DATE_ORDER_VALIDITY"": true}"
PO_2205,NEEDS_REVIEW,0.7894,False,TXN_1275;TXN_1274,182510,182510,BNK_3226,178860,178860,,"{""PAYOUT_INTERNAL_EQUATION"": true, ""STAGE1_BALANCE"": true, ""STAGE2_BALANCE"": true, ""CURRENCY_CONSISTENCY"": true, ""DATE_ORDER_VALIDITY"": true}"
PO_2053,AUTO_APPROVED,0.8768,True,TXN_1071,5130,5130,BNK_3059,5130,5130,,"{""PAYOUT_INTERNAL_EQUATION"": true, ""STAGE1_BALANCE"": true, ""STAGE2_BALANCE"": true, ""CURRENCY_CONSISTENCY"": true, ""DATE_ORDER_VALIDITY"": true}"
PO_2054,AUTO_APPROVED,0.8928,True,TXN_1072,157360,157360,BNK_3060,153647,153647,,"{""PAYOUT_INTERNAL_EQUATION"": true, ""STAGE1_BALANCE"": true, ""STAGE2_BALANCE"": true, ""CURRENCY_CONSISTENCY"": true, ""DATE_ORDER_VALIDITY"": true}"
PO_2194,AUTO_APPROVED,0.8951,True,TXN_1258,141500,141500,BNK_3214,141500,141500,,"{""PAYOUT_INTERNAL_EQUATION"": true, ""STAGE1_BALANCE"": true, ""STAGE2_BALANCE"": true, ""CURRENCY_CONSISTENCY"": true, ""DATE_ORDER_VALIDITY"": true}"
PO_2093,NEEDS_REVIEW,0.6843,False,TXN_1131,144300,144300,BNK_3101,141414,141414,,"{""PAYOUT_INTERNAL_EQUATION"": true, ""STAGE1_BALANCE"": true, ""STAGE2_BALANCE"": true, ""CURRENCY_CONSISTENCY"": true, ""DATE_ORDER_VALIDITY"": true}"
PO_2254,AUTO_APPROVED,0.8184,True,TXN_1347,137840,137840,BNK_3278;BNK_3279,135084,135084,,"{""PAYOUT_INTERNAL_EQUATION"": true, ""STAGE1_BALANCE"": true, ""STAGE2_BALANCE"": true, ""CURRENCY_CONSISTENCY"": true, ""DATE_ORDER_VALIDITY"": true}"
PO_2309,UNRESOLVED,0.0,False,,0,139060,,0,139060,STAGE1_NO_VALID_TRANSACTIONS_MATCHED; STAGE2_NO_VALID_BANK_ENTRIES_MATCHED,"{""PAYOUT_INTERNAL_EQUATION"": true, ""STAGE1_BALANCE"": false, ""STAGE2_BALANCE"": false, ""CURRENCY_CONSISTENCY"": true, ""DATE_ORDER_VALIDITY"": true}"
PO_2013,AUTO_APPROVED,0.8923,True,TXN_1020,130040,130040,BNK_3016,130040,130040,,"{""PAYOUT_INTERNAL_EQUATION"": true, ""STAGE1_BALANCE"": true, ""STAGE2_BALANCE"": true, ""CURRENCY_CONSISTENCY"": true, ""DATE_ORDER_VALIDITY"": true}"
PO_2288,AUTO_APPROVED,0.8957,True,TXN_1391,177500,177500,BNK_3314,177500,177500,,"{""PAYOUT_INTERNAL_EQUATION"": true, ""STAGE1_BALANCE"": true, ""STAGE2_BALANCE"": true, ""CURRENCY_CONSISTENCY"": true, ""DATE_ORDER_VALIDITY"": true}"
PO_2112,AUTO_APPROVED,0.8957,True,TXN_1154,113780,113780,BNK_3124,111095,111095,,"{""PAYOUT_INTERNAL_EQUATION"": true, ""STAGE1_BALANCE"": true, ""STAGE2_BALANCE"": true, ""CURRENCY_CONSISTENCY"": true, ""DATE_ORDER_VALIDITY"": true}"
PO_2271,UNRESOLVED,0.0,False,,0,117850,,0,117850,STAGE1_NO_VALID_TRANSACTIONS_MATCHED; STAGE2_NO_VALID_BANK_ENTRIES_MATCHED,"{""PAYOUT_INTERNAL_EQUATION"": true, ""STAGE1_BALANCE"": false, ""STAGE2_BALANCE"": false, ""CURRENCY_CONSISTENCY"": true, ""DATE_ORDER_VALIDITY"": true}"
PO_2094,AUTO_APPROVED,0.8984,True,TXN_1132,28390,28390,BNK_3102,28390,28390,,"{""PAYOUT_INTERNAL_EQUATION"": true, ""STAGE1_BALANCE"": true, ""STAGE2_BALANCE"": true, ""CURRENCY_CONSISTENCY"": true, ""DATE_ORDER_VALIDITY"": true}"
PO_2066,AUTO_APPROVED,0.8924,True,TXN_1095,198950,198950,BNK_3072,155182,155182,,"{""PAYOUT_INTERNAL_EQUATION"": true, ""STAGE1_BALANCE"": true, ""STAGE2_BALANCE"": true, ""CURRENCY_CONSISTENCY"": true, ""DATE_ORDER_VALIDITY"": true}"
PO_2218,AUTO_APPROVED,0.8958,True,TXN_1291,185490,185490,BNK_3239,181113,181113,,"{""PAYOUT_INTERNAL_EQUATION"": true, ""STAGE1_BALANCE"": true, ""STAGE2_BALANCE"": true, ""CURRENCY_CONSISTENCY"": true, ""DATE_ORDER_VALIDITY"": true}"
PO_2241,UNRESOLVED,0.0,False,,0,129410,,0,129410,STAGE1_NO_VALID_TRANSACTIONS_MATCHED; STAGE2_NO_VALID_BANK_ENTRIES_MATCHED,"{""PAYOUT_INTERNAL_EQUATION"": true, ""STAGE1_BALANCE"": false, ""STAGE2_BALANCE"": false, ""CURRENCY_CONSISTENCY"": true, ""DATE_ORDER_VALIDITY"": true}"
PO_2213,NEEDS_REVIEW,0.9126,False,TXN_1286,2500,2500,BNK_3234,2500,2500,,"{""PAYOUT_INTERNAL_EQUATION"": true, ""STAGE1_BALANCE"": true, ""STAGE2_BALANCE"": true, ""CURRENCY_CONSISTENCY"": true, ""DATE_ORDER_VALIDITY"": true}"
PO_2123,NEEDS_REVIEW,0.7911,False,TXN_1170;TXN_1169;TXN_1168,328580,328580,BNK_3136,322009,322009,,"{""PAYOUT_INTERNAL_EQUATION"": true, ""STAGE1_BALANCE"": true, ""STAGE2_BALANCE"": true, ""CURRENCY_CONSISTENCY"": true, ""DATE_ORDER_VALIDITY"": true}"
PO_2284,NEEDS_REVIEW,0.7867,False,TXN_1387;TXN_1386;TXN_1385;TXN_1384,169120,169120,BNK_3309,165740,165740,,"{""PAYOUT_INTERNAL_EQUATION"": true, ""STAGE1_BALANCE"": true, ""STAGE2_BALANCE"": true, ""CURRENCY_CONSISTENCY"": true, ""DATE_ORDER_VALIDITY"": true}"
PO_2307,UNRESOLVED,0.0,False,TXN_1417,133750,133750,,0,133750,STAGE2_NO_VALID_BANK_ENTRIES_MATCHED,"{""PAYOUT_INTERNAL_EQUATION"": true, ""STAGE1_BALANCE"": true, ""STAGE2_BALANCE"": false, ""CURRENCY_CONSISTENCY"": true, ""DATE_ORDER_VALIDITY"": true}"
PO_2157,AUTO_APPROVED,0.8973,True,TXN_1215,106060,106060,BNK_3175,103557,103557,,"{""PAYOUT_INTERNAL_EQUATION"": true, ""STAGE1_BALANCE"": true, ""STAGE2_BALANCE"": true, ""CURRENCY_CONSISTENCY"": true, ""DATE_ORDER_VALIDITY"": true}"
PO_2296,AUTO_APPROVED,0.8953,True,TXN_1403,128010,128010,BNK_3322,128010,128010,,"{""PAYOUT_INTERNAL_EQUATION"": true, ""STAGE1_BALANCE"": true, ""STAGE2_BALANCE"": true, ""CURRENCY_CONSISTENCY"": true, ""DATE_ORDER_VALIDITY"": true}"
PO_2281,AUTO_APPROVED,0.8955,True,TXN_1378,109930,109930,BNK_3306,107336,107336,,"{""PAYOUT_INTERNAL_EQUATION"": true, ""STAGE1_BALANCE"": true, ""STAGE2_BALANCE"": true, ""CURRENCY_CONSISTENCY"": true, ""DATE_ORDER_VALIDITY"": true}"
PO_2061,AUTO_APPROVED,0.8768,True,TXN_1085,30380,30380,BNK_3067,30380,30380,,"{""PAYOUT_INTERNAL_EQUATION"": true, ""STAGE1_BALANCE"": true, ""STAGE2_BALANCE"": true, ""CURRENCY_CONSISTENCY"": true, ""DATE_ORDER_VALIDITY"": true}"
PO_2132,AUTO_APPROVED,0.8965,True,TXN_1182,181140,181140,BNK_3146,181140,181140,,"{""PAYOUT_INTERNAL_EQUATION"": true, ""STAGE1_BALANCE"": true, ""STAGE2_BALANCE"": true, ""CURRENCY_CONSISTENCY"": true, ""DATE_ORDER_VALIDITY"": true}"
PO_2006,NEEDS_REVIEW,0.789,False,TXN_1011;TXN_1010;TXN_1009;TXN_1008,355950,355950,BNK_3008,348832,348832,,"{""PAYOUT_INTERNAL_EQUATION"": true, ""STAGE1_BALANCE"": true, ""STAGE2_BALANCE"": true, ""CURRENCY_CONSISTENCY"": true, ""DATE_ORDER_VALIDITY"": true}"
PO_2009,AUTO_APPROVED,0.8966,True,TXN_1014,229330,229330,BNK_3012,229330,229330,,"{""PAYOUT_INTERNAL_EQUATION"": true, ""STAGE1_BALANCE"": true, ""STAGE2_BALANCE"": true, ""CURRENCY_CONSISTENCY"": true, ""DATE_ORDER_VALIDITY"": true}"
PO_2228,NEEDS_REVIEW,0.7894,False,TXN_1312;TXN_1311;TXN_1310;TXN_1309,293980,293980,BNK_3251,288102,288102,,"{""PAYOUT_INTERNAL_EQUATION"": true, ""STAGE1_BALANCE"": true, ""STAGE2_BALANCE"": true, ""CURRENCY_CONSISTENCY"": true, ""DATE_ORDER_VALIDITY"": true}"
PO_2126,NEEDS_REVIEW,0.789,False,TXN_1174;TXN_1173,278450,278450,BNK_3139,272882,272882,,"{""PAYOUT_INTERNAL_EQUATION"": true, ""STAGE1_BALANCE"": true, ""STAGE2_BALANCE"": true, ""CURRENCY_CONSISTENCY"": true, ""DATE_ORDER_VALIDITY"": true}"
PO_2236,AUTO_APPROVED,0.8936,True,TXN_1323,71810,71810,BNK_3259,71810,71810,,"{""PAYOUT_INTERNAL_EQUATION"": true, ""STAGE1_BALANCE"": true, ""STAGE2_BALANCE"": true, ""CURRENCY_CONSISTENCY"": true, ""DATE_ORDER_VALIDITY"": true}"
PO_2262,AUTO_APPROVED,0.8944,True,TXN_1357,15390,15390,BNK_3288,15027,15027,,"{""PAYOUT_INTERNAL_EQUATION"": true, ""STAGE1_BALANCE"": true, ""STAGE2_BALANCE"": true, ""CURRENCY_CONSISTENCY"": true, ""DATE_ORDER_VALIDITY"": true}"
PO_2355,AUTO_APPROVED,0.8184,True,TXN_1478,135400,135400,BNK_3382;BNK_3383,132692,132692,,"{""PAYOUT_INTERNAL_EQUATION"": true, ""STAGE1_BALANCE"": true, ""STAGE2_BALANCE"": true, ""CURRENCY_CONSISTENCY"": true, ""DATE_ORDER_VALIDITY"": true}"
PO_2148,AUTO_APPROVED,0.8955,True,TXN_1206,201740,201740,BNK_3163,201740,201740,,"{""PAYOUT_INTERNAL_EQUATION"": true, ""STAGE1_BALANCE"": true, ""STAGE2_BALANCE"": true, ""CURRENCY_CONSISTENCY"": true, ""DATE_ORDER_VALIDITY"": true}"
PO_2040,AUTO_APPROVED,0.8958,True,TXN_1056,213760,213760,BNK_3047,208716,208716,,"{""PAYOUT_INTERNAL_EQUATION"": true, ""STAGE1_BALANCE"": true, ""STAGE2_BALANCE"": true, ""CURRENCY_CONSISTENCY"": true, ""DATE_ORDER_VALIDITY"": true}"
PO_2045,AUTO_APPROVED,0.8968,True,TXN_1060,234790,234790,BNK_3051,234790,234790,,"{""PAYOUT_INTERNAL_EQUATION"": true, ""STAGE1_BALANCE"": true, ""STAGE2_BALANCE"": true, ""CURRENCY_CONSISTENCY"": true, ""DATE_ORDER_VALIDITY"": true}"
PO_2319,AUTO_APPROVED,0.8934,True,TXN_1431,214870,214870,BNK_3344,209800,209800,,"{""PAYOUT_INTERNAL_EQUATION"": true, ""STAGE1_BALANCE"": true, ""STAGE2_BALANCE"": true, ""CURRENCY_CONSISTENCY"": true, ""DATE_ORDER_VALIDITY"": true}"
PO_2032,AUTO_APPROVED,0.8184,True,TXN_1045,199810,199810,BNK_3038;BNK_3039,195814,195814,,"{""PAYOUT_INTERNAL_EQUATION"": true, ""STAGE1_BALANCE"": true, ""STAGE2_BALANCE"": true, ""CURRENCY_CONSISTENCY"": true, ""DATE_ORDER_VALIDITY"": true}"
PO_2314,AUTO_APPROVED,0.8947,True,TXN_1425,151070,151070,BNK_3339,151070,151070,,"{""PAYOUT_INTERNAL_EQUATION"": true, ""STAGE1_BALANCE"": true, ""STAGE2_BALANCE"": true, ""CURRENCY_CONSISTENCY"": true, ""DATE_ORDER_VALIDITY"": true}"
PO_2253,AUTO_APPROVED,0.8768,True,TXN_1346,90700,90700,BNK_3277,90700,90700,,"{""PAYOUT_INTERNAL_EQUATION"": true, ""STAGE1_BALANCE"": true, ""STAGE2_BALANCE"": true, ""CURRENCY_CONSISTENCY"": true, ""DATE_ORDER_VALIDITY"": true}"
PO_2162,AUTO_APPROVED,0.8942,True,TXN_1222,30770,30770,BNK_3180,30044,30044,,"{""PAYOUT_INTERNAL_EQUATION"": true, ""STAGE1_BALANCE"": true, ""STAGE2_BALANCE"": true, ""CURRENCY_CONSISTENCY"": true, ""DATE_ORDER_VALIDITY"": true}"
PO_2257,AUTO_APPROVED,0.8932,True,TXN_1350,86080,86080,BNK_3283,84049,84049,,"{""PAYOUT_INTERNAL_EQUATION"": true, ""STAGE1_BALANCE"": true, ""STAGE2_BALANCE"": true, ""CURRENCY_CONSISTENCY"": true, ""DATE_ORDER_VALIDITY"": true}"
PO_2042,UNRESOLVED,0.0,False,,0,53520,,0,53520,STAGE1_NO_VALID_TRANSACTIONS_MATCHED; STAGE2_NO_VALID_BANK_ENTRIES_MATCHED,"{""PAYOUT_INTERNAL_EQUATION"": true, ""STAGE1_BALANCE"": false, ""STAGE2_BALANCE"": false, ""CURRENCY_CONSISTENCY"": true, ""DATE_ORDER_VALIDITY"": true}"
PO_2225,AUTO_APPROVED,0.8989,True,TXN_1305,167970,167970,BNK_3248,167970,167970,,"{""PAYOUT_INTERNAL_EQUATION"": true, ""STAGE1_BALANCE"": true, ""STAGE2_BALANCE"": true, ""CURRENCY_CONSISTENCY"": true, ""DATE_ORDER_VALIDITY"": true}"
PO_2048,NEEDS_REVIEW,0.7886,False,TXN_1066;TXN_1065;TXN_1064;TXN_1063,244120,244120,BNK_3054,239240,239240,,"{""PAYOUT_INTERNAL_EQUATION"": true, ""STAGE1_BALANCE"": true, ""STAGE2_BALANCE"": true, ""CURRENCY_CONSISTENCY"": true, ""DATE_ORDER_VALIDITY"": true}"
PO_2268,AUTO_APPROVED,0.8768,True,TXN_1366,23490,23490,BNK_3294,23490,23490,,"{""PAYOUT_INTERNAL_EQUATION"": true, ""STAGE1_BALANCE"": true, ""STAGE2_BALANCE"": true, ""CURRENCY_CONSISTENCY"": true, ""DATE_ORDER_VALIDITY"": true}"
PO_2325,AUTO_APPROVED,0.8936,True,TXN_1437,193350,193350,BNK_3351,188787,188787,,"{""PAYOUT_INTERNAL_EQUATION"": true, ""STAGE1_BALANCE"": true, ""STAGE2_BALANCE"": true, ""CURRENCY_CONSISTENCY"": true, ""DATE_ORDER_VALIDITY"": true}"
PO_2286,AUTO_APPROVED,0.8184,True,TXN_1389,185760,185760,BNK_3311;BNK_3312,182045,182045,,"{""PAYOUT_INTERNAL_EQUATION"": true, ""STAGE1_BALANCE"": true, ""STAGE2_BALANCE"": true, ""CURRENCY_CONSISTENCY"": true, ""DATE_ORDER_VALIDITY"": true}"
PO_2359,AUTO_APPROVED,0.8951,True,TXN_1488,126850,126850,BNK_3387,126850,126850,,"{""PAYOUT_INTERNAL_EQUATION"": true, ""STAGE1_BALANCE"": true, ""STAGE2_BALANCE"": true, ""CURRENCY_CONSISTENCY"": true, ""DATE_ORDER_VALIDITY"": true}"
PO_2139,AUTO_APPROVED,0.8768,True,TXN_1194,123630,123630,BNK_3153,123630,123630,,"{""PAYOUT_INTERNAL_EQUATION"": true, ""STAGE1_BALANCE"": true, ""STAGE2_BALANCE"": true, ""CURRENCY_CONSISTENCY"": true, ""DATE_ORDER_VALIDITY"": true}"
PO_2195,NEEDS_REVIEW,0.6843,False,TXN_1259,171330,171330,BNK_3215,167904,167904,,"{""PAYOUT_INTERNAL_EQUATION"": true, ""STAGE1_BALANCE"": true, ""STAGE2_BALANCE"": true, ""CURRENCY_CONSISTENCY"": true, ""DATE_ORDER_VALIDITY"": true}"
PO_2145,AUTO_APPROVED,0.8931,True,TXN_1203,144840,144840,BNK_3160,141422,141422,,"{""PAYOUT_INTERNAL_EQUATION"": true, ""STAGE1_BALANCE"": true, ""STAGE2_BALANCE"": true, ""CURRENCY_CONSISTENCY"": true, ""DATE_ORDER_VALIDITY"": true}"
PO_2187,AUTO_APPROVED,0.8958,True,TXN_1251,13730,13730,BNK_3207,13730,13730,,"{""PAYOUT_INTERNAL_EQUATION"": true, ""STAGE1_BALANCE"": true, ""STAGE2_BALANCE"": true, ""CURRENCY_CONSISTENCY"": true, ""DATE_ORDER_VALIDITY"": true}"
PO_2363,NEEDS_REVIEW,0.6843,False,TXN_1492,85130,85130,BNK_3391,83428,83428,,"{""PAYOUT_INTERNAL_EQUATION"": true, ""STAGE1_BALANCE"": true, ""STAGE2_BALANCE"": true, ""CURRENCY_CONSISTENCY"": true, ""DATE_ORDER_VALIDITY"": true}"
PO_2266,NEEDS_REVIEW,0.7867,False,TXN_1364;TXN_1363;TXN_1362;TXN_1361,357290,357290,BNK_3292,350146,350146,,"{""PAYOUT_INTERNAL_EQUATION"": true, ""STAGE1_BALANCE"": true, ""STAGE2_BALANCE"": true, ""CURRENCY_CONSISTENCY"": true, ""DATE_ORDER_VALIDITY"": true}"
PO_2235,AUTO_APPROVED,0.8768,True,TXN_1322,41010,41010,BNK_3258,41010,41010,,"{""PAYOUT_INTERNAL_EQUATION"": true, ""STAGE1_BALANCE"": true, ""STAGE2_BALANCE"": true, ""CURRENCY_CONSISTENCY"": true, ""DATE_ORDER_VALIDITY"": true}"
PO_2151,AUTO_APPROVED,0.8184,True,TXN_1209,235260,235260,BNK_3166;BNK_3167,230555,230555,,"{""PAYOUT_INTERNAL_EQUATION"": true, ""STAGE1_BALANCE"": true, ""STAGE2_BALANCE"": true, ""CURRENCY_CONSISTENCY"": true, ""DATE_ORDER_VALIDITY"": true}"
PO_2261,NEEDS_REVIEW,0.7857,False,TXN_1356;TXN_1355,53660,53660,BNK_3287,52587,52587,,"{""PAYOUT_INTERNAL_EQUATION"": true, ""STAGE1_BALANCE"": true, ""STAGE2_BALANCE"": true, ""CURRENCY_CONSISTENCY"": true, ""DATE_ORDER_VALIDITY"": true}"
PO_2012,NEEDS_REVIEW,0.7905,False,TXN_1019;TXN_1018;TXN_1017,236330,236330,BNK_3015,231604,231604,,"{""PAYOUT_INTERNAL_EQUATION"": true, ""STAGE1_BALANCE"": true, ""STAGE2_BALANCE"": true, ""CURRENCY_CONSISTENCY"": true, ""DATE_ORDER_VALIDITY"": true}"
PO_2125,AUTO_APPROVED,0.8956,True,TXN_1172,106230,106230,BNK_3138,106230,106230,,"{""PAYOUT_INTERNAL_EQUATION"": true, ""STAGE1_BALANCE"": true, ""STAGE2_BALANCE"": true, ""CURRENCY_CONSISTENCY"": true, ""DATE_ORDER_VALIDITY"": true}"
PO_2021,AUTO_APPROVED,0.8959,True,TXN_1031,115780,115780,BNK_3026,113048,113048,,"{""PAYOUT_INTERNAL_EQUATION"": true, ""STAGE1_BALANCE"": true, ""STAGE2_BALANCE"": true, ""CURRENCY_CONSISTENCY"": true, ""DATE_ORDER_VALIDITY"": true}"
PO_2276,NEEDS_REVIEW,0.6843,False,TXN_1373,202560,202560,BNK_3301,198509,198509,,"{""PAYOUT_INTERNAL_EQUATION"": true, ""STAGE1_BALANCE"": true, ""STAGE2_BALANCE"": true, ""CURRENCY_CONSISTENCY"": true, ""DATE_ORDER_VALIDITY"": true}"
PO_2345,AUTO_APPROVED,0.8184,True,TXN_1463,199530,199530,BNK_3371;BNK_3372,195540,195540,,"{""PAYOUT_INTERNAL_EQUATION"": true, ""STAGE1_BALANCE"": true, ""STAGE2_BALANCE"": true, ""CURRENCY_CONSISTENCY"": true, ""DATE_ORDER_VALIDITY"": true}"
PO_2022,NEEDS_REVIEW,0.7908,False,TXN_1033;TXN_1032,22740,22740,BNK_3027,22286,22286,,"{""PAYOUT_INTERNAL_EQUATION"": true, ""STAGE1_BALANCE"": true, ""STAGE2_BALANCE"": true, ""CURRENCY_CONSISTENCY"": true, ""DATE_ORDER_VALIDITY"": true}"
PO_2357,NEEDS_REVIEW,0.7875,False,TXN_1485;TXN_1484;TXN_1483,104270,104270,BNK_3385,102186,102186,,"{""PAYOUT_INTERNAL_EQUATION"": true, ""STAGE1_BALANCE"": true, ""STAGE2_BALANCE"": true, ""CURRENCY_CONSISTENCY"": true, ""DATE_ORDER_VALIDITY"": true}"
PO_2356,NEEDS_REVIEW,0.7884,False,TXN_1482;TXN_1481;TXN_1480;TXN_1479,292930,292930,BNK_3384,287073,287073,,"{""PAYOUT_INTERNAL_EQUATION"": true, ""STAGE1_BALANCE"": true, ""STAGE2_BALANCE"": true, ""CURRENCY_CONSISTENCY"": true, ""DATE_ORDER_VALIDITY"": true}"
PO_2226,AUTO_APPROVED,0.8945,True,TXN_1307,40220,40220,BNK_3249,39271,39271,,"{""PAYOUT_INTERNAL_EQUATION"": true, ""STAGE1_BALANCE"": true, ""STAGE2_BALANCE"": true, ""CURRENCY_CONSISTENCY"": true, ""DATE_ORDER_VALIDITY"": true}"
PO_2224,NEEDS_REVIEW,0.787,False,TXN_1304;TXN_1303;TXN_1302,352550,352550,BNK_3247,345500,345500,,"{""PAYOUT_INTERNAL_EQUATION"": true, ""STAGE1_BALANCE"": true, ""STAGE2_BALANCE"": true, ""CURRENCY_CONSISTENCY"": true, ""DATE_ORDER_VALIDITY"": true}"
PO_2152,AUTO_APPROVED,0.8768,True,TXN_1210,190570,190570,BNK_3168,190570,190570,,"{""PAYOUT_INTERNAL_EQUATION"": true, ""STAGE1_BALANCE"": true, ""STAGE2_BALANCE"": true, ""CURRENCY_CONSISTENCY"": true, ""DATE_ORDER_VALIDITY"": true}"
PO_2001,AUTO_APPROVED,0.8184,True,TXN_1001,246320,246320,BNK_3001;BNK_3002,241394,241394,,"{""PAYOUT_INTERNAL_EQUATION"": true, ""STAGE1_BALANCE"": true, ""STAGE2_BALANCE"": true, ""CURRENCY_CONSISTENCY"": true, ""DATE_ORDER_VALIDITY"": true}"
PO_2008,NEEDS_REVIEW,0.6843,False,TXN_1013,85210,85210,BNK_3011,83506,83506,,"{""PAYOUT_INTERNAL_EQUATION"": true, ""STAGE1_BALANCE"": true, ""STAGE2_BALANCE"": true, ""CURRENCY_CONSISTENCY"": true, ""DATE_ORDER_VALIDITY"": true}"
PO_2190,NEEDS_REVIEW,0.6843,False,TXN_1254,30960,30960,BNK_3210,30341,30341,,"{""PAYOUT_INTERNAL_EQUATION"": true, ""STAGE1_BALANCE"": true, ""STAGE2_BALANCE"": true, ""CURRENCY_CONSISTENCY"": true, ""DATE_ORDER_VALIDITY"": true}"
PO_2140,NEEDS_REVIEW,0.7875,False,TXN_1198;TXN_1197;TXN_1196;TXN_1195,315590,315590,BNK_3154,309279,309279,,"{""PAYOUT_INTERNAL_EQUATION"": true, ""STAGE1_BALANCE"": true, ""STAGE2_BALANCE"": true, ""CURRENCY_CONSISTENCY"": true, ""DATE_ORDER_VALIDITY"": true}"
PO_2155,AUTO_APPROVED,0.8184,True,TXN_1213,31730,31730,BNK_3172;BNK_3173,31096,31096,,"{""PAYOUT_INTERNAL_EQUATION"": true, ""STAGE1_BALANCE"": true, ""STAGE2_BALANCE"": true, ""CURRENCY_CONSISTENCY"": true, ""DATE_ORDER_VALIDITY"": true}"
PO_2081,AUTO_APPROVED,0.8926,True,TXN_1115,144420,144420,BNK_3088,141012,141012,,"{""PAYOUT_INTERNAL_EQUATION"": true, ""STAGE1_BALANCE"": true, ""STAGE2_BALANCE"": true, ""CURRENCY_CONSISTENCY"": true, ""DATE_ORDER_VALIDITY"": true}"
PO_2043,AUTO_APPROVED,0.8935,True,TXN_1058,86760,86760,BNK_3049,86760,86760,,"{""PAYOUT_INTERNAL_EQUATION"": true, ""STAGE1_BALANCE"": true, ""STAGE2_BALANCE"": true, ""CURRENCY_CONSISTENCY"": true, ""DATE_ORDER_VALIDITY"": true}"
PO_2063,AUTO_APPROVED,0.8944,True,TXN_1087,140940,140940,BNK_3069,140940,140940,,"{""PAYOUT_INTERNAL_EQUATION"": true, ""STAGE1_BALANCE"": true, ""STAGE2_BALANCE"": true, ""CURRENCY_CONSISTENCY"": true, ""DATE_ORDER_VALIDITY"": true}"
PO_2305,AUTO_APPROVED,0.8947,True,TXN_1412,208220,208220,BNK_3331,208220,208220,,"{""PAYOUT_INTERNAL_EQUATION"": true, ""STAGE1_BALANCE"": true, ""STAGE2_BALANCE"": true, ""CURRENCY_CONSISTENCY"": true, ""DATE_ORDER_VALIDITY"": true}"
PO_2179,AUTO_APPROVED,0.8962,True,TXN_1243,177530,177530,BNK_3198,177530,177530,,"{""PAYOUT_INTERNAL_EQUATION"": true, ""STAGE1_BALANCE"": true, ""STAGE2_BALANCE"": true, ""CURRENCY_CONSISTENCY"": true, ""DATE_ORDER_VALIDITY"": true}"
PO_2024,AUTO_APPROVED,0.8768,True,TXN_1035,121090,121090,BNK_3029,121090,121090,,"{""PAYOUT_INTERNAL_EQUATION"": true, ""STAGE1_BALANCE"": true, ""STAGE2_BALANCE"": true, ""CURRENCY_CONSISTENCY"": true, ""DATE_ORDER_VALIDITY"": true}"
PO_2169,AUTO_APPROVED,0.8918,True,TXN_1230,34580,34580,BNK_3187,34580,34580,,"{""PAYOUT_INTERNAL_EQUATION"": true, ""STAGE1_BALANCE"": true, ""STAGE2_BALANCE"": true, ""CURRENCY_CONSISTENCY"": true, ""DATE_ORDER_VALIDITY"": true}"
PO_2111,AUTO_APPROVED,0.93,True,TXN_1153,129920,129920,BNK_3123,129920,129920,,"{""PAYOUT_INTERNAL_EQUATION"": true, ""STAGE1_BALANCE"": true, ""STAGE2_BALANCE"": true, ""CURRENCY_CONSISTENCY"": true, ""DATE_ORDER_VALIDITY"": true}"
PO_2041,AUTO_APPROVED,0.8768,True,TXN_1057,29650,29650,BNK_3048,29650,29650,,"{""PAYOUT_INTERNAL_EQUATION"": true, ""STAGE1_BALANCE"": true, ""STAGE2_BALANCE"": true, ""CURRENCY_CONSISTENCY"": true, ""DATE_ORDER_VALIDITY"": true}"
PO_2362,AUTO_APPROVED,0.8918,True,TXN_1491,38710,38710,BNK_3390,38710,38710,,"{""PAYOUT_INTERNAL_EQUATION"": true, ""STAGE1_BALANCE"": true, ""STAGE2_BALANCE"": true, ""CURRENCY_CONSISTENCY"": true, ""DATE_ORDER_VALIDITY"": true}"
PO_2059,NEEDS_REVIEW,0.7873,False,TXN_1083;TXN_1082;TXN_1081;TXN_1080,325830,325830,BNK_3065,319315,319315,,"{""PAYOUT_INTERNAL_EQUATION"": true, ""STAGE1_BALANCE"": true, ""STAGE2_BALANCE"": true, ""CURRENCY_CONSISTENCY"": true, ""DATE_ORDER_VALIDITY"": true}"
PO_2326,AUTO_APPROVED,0.8963,True,TXN_1438,165440,165440,BNK_3352,165440,165440,,"{""PAYOUT_INTERNAL_EQUATION"": true, ""STAGE1_BALANCE"": true, ""STAGE2_BALANCE"": true, ""CURRENCY_CONSISTENCY"": true, ""DATE_ORDER_VALIDITY"": true}"
PO_2115,AUTO_APPROVED,0.93,True,TXN_1157,164890,164890,BNK_3127,164890,164890,,"{""PAYOUT_INTERNAL_EQUATION"": true, ""STAGE1_BALANCE"": true, ""STAGE2_BALANCE"": true, ""CURRENCY_CONSISTENCY"": true, ""DATE_ORDER_VALIDITY"": true}"
PO_2221,AUTO_APPROVED,0.8184,True,TXN_1295,210500,210500,BNK_3243;BNK_3244,206290,206290,,"{""PAYOUT_INTERNAL_EQUATION"": true, ""STAGE1_BALANCE"": true, ""STAGE2_BALANCE"": true, ""CURRENCY_CONSISTENCY"": true, ""DATE_ORDER_VALIDITY"": true}"
PO_2127,NEEDS_REVIEW,0.7899,False,TXN_1177;TXN_1176;TXN_1175,249710,249710,BNK_3140,244717,244717,,"{""PAYOUT_INTERNAL_EQUATION"": true, ""STAGE1_BALANCE"": true, ""STAGE2_BALANCE"": true, ""CURRENCY_CONSISTENCY"": true, ""DATE_ORDER_VALIDITY"": true}"
PO_2105,AUTO_APPROVED,0.8953,True,TXN_1144,42170,42170,BNK_3116,42170,42170,,"{""PAYOUT_INTERNAL_EQUATION"": true, ""STAGE1_BALANCE"": true, ""STAGE2_BALANCE"": true, ""CURRENCY_CONSISTENCY"": true, ""DATE_ORDER_VALIDITY"": true}"
PO_2232,AUTO_APPROVED,0.8924,True,TXN_1316,237230,237230,BNK_3255,185041,185041,,"{""PAYOUT_INTERNAL_EQUATION"": true, ""STAGE1_BALANCE"": true, ""STAGE2_BALANCE"": true, ""CURRENCY_CONSISTENCY"": true, ""DATE_ORDER_VALIDITY"": true}"
PO_2361,AUTO_APPROVED,0.8937,True,TXN_1490,154150,154150,BNK_3389,154150,154150,,"{""PAYOUT_INTERNAL_EQUATION"": true, ""STAGE1_BALANCE"": true, ""STAGE2_BALANCE"": true, ""CURRENCY_CONSISTENCY"": true, ""DATE_ORDER_VALIDITY"": true}"
PO_2188,AUTO_APPROVED,0.8955,True,TXN_1252,14230,14230,BNK_3208,13895,13895,,"{""PAYOUT_INTERNAL_EQUATION"": true, ""STAGE1_BALANCE"": true, ""STAGE2_BALANCE"": true, ""CURRENCY_CONSISTENCY"": true, ""DATE_ORDER_VALIDITY"": true}"
PO_2366,AUTO_APPROVED,0.8971,True,TXN_1495,22250,22250,BNK_3394,22250,22250,,"{""PAYOUT_INTERNAL_EQUATION"": true, ""STAGE1_BALANCE"": true, ""STAGE2_BALANCE"": true, ""CURRENCY_CONSISTENCY"": true, ""DATE_ORDER_VALIDITY"": true}"
PO_2347,AUTO_APPROVED,0.897,True,TXN_1465,38560,38560,BNK_3374,38560,38560,,"{""PAYOUT_INTERNAL_EQUATION"": true, ""STAGE1_BALANCE"": true, ""STAGE2_BALANCE"": true, ""CURRENCY_CONSISTENCY"": true, ""DATE_ORDER_VALIDITY"": true}"
PO_2263,AUTO_APPROVED,0.8944,True,TXN_1358,151970,151970,BNK_3289,151970,151970,,"{""PAYOUT_INTERNAL_EQUATION"": true, ""STAGE1_BALANCE"": true, ""STAGE2_BALANCE"": true, ""CURRENCY_CONSISTENCY"": true, ""DATE_ORDER_VALIDITY"": true}"
PO_2201,AUTO_APPROVED,0.8931,True,TXN_1270,167590,167590,BNK_3221,163635,163635,,"{""PAYOUT_INTERNAL_EQUATION"": true, ""STAGE1_BALANCE"": true, ""STAGE2_BALANCE"": true, ""CURRENCY_CONSISTENCY"": true, ""DATE_ORDER_VALIDITY"": true}"
PO_2098,AUTO_APPROVED,0.8984,True,TXN_1136,193820,193820,BNK_3107,193820,193820,,"{""PAYOUT_INTERNAL_EQUATION"": true, ""STAGE1_BALANCE"": true, ""STAGE2_BALANCE"": true, ""CURRENCY_CONSISTENCY"": true, ""DATE_ORDER_VALIDITY"": true}"
PO_2158,AUTO_APPROVED,0.8952,True,TXN_1216,49960,49960,BNK_3176,48781,48781,,"{""PAYOUT_INTERNAL_EQUATION"": true, ""STAGE1_BALANCE"": true, ""STAGE2_BALANCE"": true, ""CURRENCY_CONSISTENCY"": true, ""DATE_ORDER_VALIDITY"": true}"
PO_2129,AUTO_APPROVED,0.8961,True,TXN_1179,214230,214230,BNK_3142,214230,214230,,"{""PAYOUT_INTERNAL_EQUATION"": true, ""STAGE1_BALANCE"": true, ""STAGE2_BALANCE"": true, ""CURRENCY_CONSISTENCY"": true, ""DATE_ORDER_VALIDITY"": true}"
PO_2050,NEEDS_REVIEW,0.6843,False,TXN_1068,209190,209190,BNK_3056,205007,205007,,"{""PAYOUT_INTERNAL_EQUATION"": true, ""STAGE1_BALANCE"": true, ""STAGE2_BALANCE"": true, ""CURRENCY_CONSISTENCY"": true, ""DATE_ORDER_VALIDITY"": true}"
PO_2354,NEEDS_REVIEW,0.79,False,TXN_1477;TXN_1476;TXN_1475,253020,253020,BNK_3381,247960,247960,,"{""PAYOUT_INTERNAL_EQUATION"": true, ""STAGE1_BALANCE"": true, ""STAGE2_BALANCE"": true, ""CURRENCY_CONSISTENCY"": true, ""DATE_ORDER_VALIDITY"": true}"
PO_2019,AUTO_APPROVED,0.8954,True,TXN_1029,143650,143650,BNK_3024,143650,143650,,"{""PAYOUT_INTERNAL_EQUATION"": true, ""STAGE1_BALANCE"": true, ""STAGE2_BALANCE"": true, ""CURRENCY_CONSISTENCY"": true, ""DATE_ORDER_VALIDITY"": true}"
PO_2014,NEEDS_REVIEW,0.7881,False,TXN_1024;TXN_1023;TXN_1022;TXN_1021,294130,294130,BNK_3017,288249,288249,,"{""PAYOUT_INTERNAL_EQUATION"": true, ""STAGE1_BALANCE"": true, ""STAGE2_BALANCE"": true, ""CURRENCY_CONSISTENCY"": true, ""DATE_ORDER_VALIDITY"": true}"
PO_2161,AUTO_APPROVED,0.8953,True,TXN_1221,155760,155760,BNK_3179,152085,152085,,"{""PAYOUT_INTERNAL_EQUATION"": true, ""STAGE1_BALANCE"": true, ""STAGE2_BALANCE"": true, ""CURRENCY_CONSISTENCY"": true, ""DATE_ORDER_VALIDITY"": true}"
PO_2031,AUTO_APPROVED,0.8976,True,TXN_1044,31250,31250,BNK_3037,31250,31250,,"{""PAYOUT_INTERNAL_EQUATION"": true, ""STAGE1_BALANCE"": true, ""STAGE2_BALANCE"": true, ""CURRENCY_CONSISTENCY"": true, ""DATE_ORDER_VALIDITY"": true}"
PO_2119,AUTO_APPROVED,0.8966,True,TXN_1161,64000,64000,BNK_3131,62490,62490,,"{""PAYOUT_INTERNAL_EQUATION"": true, ""STAGE1_BALANCE"": true, ""STAGE2_BALANCE"": true, ""CURRENCY_CONSISTENCY"": true, ""DATE_ORDER_VALIDITY"": true}"
PO_2163,AUTO_APPROVED,0.8768,True,TXN_1223,42360,42360,BNK_3181,42360,42360,,"{""PAYOUT_INTERNAL_EQUATION"": true, ""STAGE1_BALANCE"": true, ""STAGE2_BALANCE"": true, ""CURRENCY_CONSISTENCY"": true, ""DATE_ORDER_VALIDITY"": true}"
PO_2159,AUTO_APPROVED,0.8944,True,TXN_1217,179510,179510,BNK_3177,175274,175274,,"{""PAYOUT_INTERNAL_EQUATION"": true, ""STAGE1_BALANCE"": true, ""STAGE2_BALANCE"": true, ""CURRENCY_CONSISTENCY"": true, ""DATE_ORDER_VALIDITY"": true}"
PO_2220,AUTO_APPROVED,0.8924,True,TXN_1294,91720,91720,BNK_3242,71542,71542,,"{""PAYOUT_INTERNAL_EQUATION"": true, ""STAGE1_BALANCE"": true, ""STAGE2_BALANCE"": true, ""CURRENCY_CONSISTENCY"": true, ""DATE_ORDER_VALIDITY"": true}"
PO_2085,AUTO_APPROVED,0.8989,True,TXN_1119,94880,94880,BNK_3093,94880,94880,,"{""PAYOUT_INTERNAL_EQUATION"": true, ""STAGE1_BALANCE"": true, ""STAGE2_BALANCE"": true, ""CURRENCY_CONSISTENCY"": true, ""DATE_ORDER_VALIDITY"": true}"
PO_2181,NEEDS_REVIEW,0.6843,False,TXN_1245,150550,150550,BNK_3200,147539,147539,,"{""PAYOUT_INTERNAL_EQUATION"": true, ""STAGE1_BALANCE"": true, ""STAGE2_BALANCE"": true, ""CURRENCY_CONSISTENCY"": true, ""DATE_ORDER_VALIDITY"": true}"
PO_2247,AUTO_APPROVED,0.8184,True,TXN_1337,62600,62600,BNK_3270;BNK_3271,61348,61348,,"{""PAYOUT_INTERNAL_EQUATION"": true, ""STAGE1_BALANCE"": true, ""STAGE2_BALANCE"": true, ""CURRENCY_CONSISTENCY"": true, ""DATE_ORDER_VALIDITY"": true}"
PO_2328,UNRESOLVED,0.0,False,TXN_1440,141190,141190,,0,141190,STAGE2_NO_VALID_BANK_ENTRIES_MATCHED,"{""PAYOUT_INTERNAL_EQUATION"": true, ""STAGE1_BALANCE"": true, ""STAGE2_BALANCE"": false, ""CURRENCY_CONSISTENCY"": true, ""DATE_ORDER_VALIDITY"": true}"
PO_2278,AUTO_APPROVED,0.93,True,TXN_1375,247960,247960,BNK_3303,247960,247960,,"{""PAYOUT_INTERNAL_EQUATION"": true, ""STAGE1_BALANCE"": true, ""STAGE2_BALANCE"": true, ""CURRENCY_CONSISTENCY"": true, ""DATE_ORDER_VALIDITY"": true}"
PO_2332,AUTO_APPROVED,0.8945,True,TXN_1447,33500,33500,BNK_3358,32710,32710,,"{""PAYOUT_INTERNAL_EQUATION"": true, ""STAGE1_BALANCE"": true, ""STAGE2_BALANCE"": true, ""CURRENCY_CONSISTENCY"": true, ""DATE_ORDER_VALIDITY"": true}"
PO_2023,AUTO_APPROVED,0.8945,True,TXN_1034,193810,193810,BNK_3028,193810,193810,,"{""PAYOUT_INTERNAL_EQUATION"": true, ""STAGE1_BALANCE"": true, ""STAGE2_BALANCE"": true, ""CURRENCY_CONSISTENCY"": true, ""DATE_ORDER_VALIDITY"": true}"
PO_2086,NEEDS_REVIEW,0.7872,False,TXN_1122;TXN_1121;TXN_1120,151660,151660,BNK_3094,148628,148628,,"{""PAYOUT_INTERNAL_EQUATION"": true, ""STAGE1_BALANCE"": true, ""STAGE2_BALANCE"": true, ""CURRENCY_CONSISTENCY"": true, ""DATE_ORDER_VALIDITY"": true}"
PO_2171,AUTO_APPROVED,0.8924,True,TXN_1235,17820,17820,BNK_3189,13900,13900,,"{""PAYOUT_INTERNAL_EQUATION"": true, ""STAGE1_BALANCE"": true, ""STAGE2_BALANCE"": true, ""CURRENCY_CONSISTENCY"": true, ""DATE_ORDER_VALIDITY"": true}"
PO_2239,AUTO_APPROVED,0.8184,True,TXN_1328,102520,102520,BNK_3262;BNK_3263,100470,100470,,"{""PAYOUT_INTERNAL_EQUATION"": true, ""STAGE1_BALANCE"": true, ""STAGE2_BALANCE"": true, ""CURRENCY_CONSISTENCY"": true, ""DATE_ORDER_VALIDITY"": true}"
PO_2245,AUTO_APPROVED,0.8936,True,TXN_1333,140430,140430,BNK_3268,140430,140430,,"{""PAYOUT_INTERNAL_EQUATION"": true, ""STAGE1_BALANCE"": true, ""STAGE2_BALANCE"": true, ""CURRENCY_CONSISTENCY"": true, ""DATE_ORDER_VALIDITY"": true}"
PO_2033,AUTO_APPROVED,0.8949,True,TXN_1046,90440,90440,BNK_3040,90440,90440,,"{""PAYOUT_INTERNAL_EQUATION"": true, ""STAGE1_BALANCE"": true, ""STAGE2_BALANCE"": true, ""CURRENCY_CONSISTENCY"": true, ""DATE_ORDER_VALIDITY"": true}"
PO_2121,AUTO_APPROVED,0.8184,True,TXN_1163,227030,227030,BNK_3133;BNK_3134,222490,222490,,"{""PAYOUT_INTERNAL_EQUATION"": true, ""STAGE1_BALANCE"": true, ""STAGE2_BALANCE"": true, ""CURRENCY_CONSISTENCY"": true, ""DATE_ORDER_VALIDITY"": true}"
PO_2025,AUTO_APPROVED,0.8965,True,TXN_1036,37240,37240,BNK_3030,36362,36362,,"{""PAYOUT_INTERNAL_EQUATION"": true, ""STAGE1_BALANCE"": true, ""STAGE2_BALANCE"": true, ""CURRENCY_CONSISTENCY"": true, ""DATE_ORDER_VALIDITY"": true}"
PO_2202,AUTO_APPROVED,0.9061,True,TXN_1271,146100,146100,BNK_3222,146100,146100,,"{""PAYOUT_INTERNAL_EQUATION"": true, ""STAGE1_BALANCE"": true, ""STAGE2_BALANCE"": true, ""CURRENCY_CONSISTENCY"": true, ""DATE_ORDER_VALIDITY"": true}"
PO_2272,AUTO_APPROVED,0.8768,True,TXN_1369,128350,128350,BNK_3297,128350,128350,,"{""PAYOUT_INTERNAL_EQUATION"": true, ""STAGE1_BALANCE"": true, ""STAGE2_BALANCE"": true, ""CURRENCY_CONSISTENCY"": true, ""DATE_ORDER_VALIDITY"": true}"
PO_2143,NEEDS_REVIEW,0.6843,False,TXN_1201,203380,203380,BNK_3158,199313,199313,,"{""PAYOUT_INTERNAL_EQUATION"": true, ""STAGE1_BALANCE"": true, ""STAGE2_BALANCE"": true, ""CURRENCY_CONSISTENCY"": true, ""DATE_ORDER_VALIDITY"": true}"
PO_2044,AUTO_APPROVED,0.8955,True,TXN_1059,58240,58240,BNK_3050,56866,56866,,"{""PAYOUT_INTERNAL_EQUATION"": true, ""STAGE1_BALANCE"": true, ""STAGE2_BALANCE"": true, ""CURRENCY_CONSISTENCY"": true, ""DATE_ORDER_VALIDITY"": true}"
PO_2200,AUTO_APPROVED,0.93,True,TXN_1269,125590,125590,BNK_3220,125590,125590,,"{""PAYOUT_INTERNAL_EQUATION"": true, ""STAGE1_BALANCE"": true, ""STAGE2_BALANCE"": true, ""CURRENCY_CONSISTENCY"": true, ""DATE_ORDER_VALIDITY"": true}"
PO_2130,NEEDS_REVIEW,0.6843,False,TXN_1180,77530,77530,BNK_3143,75980,75980,,"{""PAYOUT_INTERNAL_EQUATION"": true, ""STAGE1_BALANCE"": true, ""STAGE2_BALANCE"": true, ""CURRENCY_CONSISTENCY"": true, ""DATE_ORDER_VALIDITY"": true}"
PO_2092,NEEDS_REVIEW,0.7917,False,TXN_1130;TXN_1129;TXN_1128,277910,277910,BNK_3100,272353,272353,,"{""PAYOUT_INTERNAL_EQUATION"": true, ""STAGE1_BALANCE"": true, ""STAGE2_BALANCE"": true, ""CURRENCY_CONSISTENCY"": true, ""DATE_ORDER_VALIDITY"": true}"
PO_2338,AUTO_APPROVED,0.8936,True,TXN_1455,96160,96160,BNK_3365,93891,93891,,"{""PAYOUT_INTERNAL_EQUATION"": true, ""STAGE1_BALANCE"": true, ""STAGE2_BALANCE"": true, ""CURRENCY_CONSISTENCY"": true, ""DATE_ORDER_VALIDITY"": true}"
PO_2313,NEEDS_REVIEW,0.6843,False,TXN_1424,89780,89780,BNK_3338,87985,87985,,"{""PAYOUT_INTERNAL_EQUATION"": true, ""STAGE1_BALANCE"": true, ""STAGE2_BALANCE"": true, ""CURRENCY_CONSISTENCY"": true, ""DATE_ORDER_VALIDITY"": true}"
PO_2137,AUTO_APPROVED,0.8937,True,TXN_1192,41020,41020,BNK_3151,41020,41020,,"{""PAYOUT_INTERNAL_EQUATION"": true, ""STAGE1_BALANCE"": true, ""STAGE2_BALANCE"": true, ""CURRENCY_CONSISTENCY"": true, ""DATE_ORDER_VALIDITY"": true}"
PO_2057,AUTO_APPROVED,0.8924,True,TXN_1075,28860,28860,BNK_3063,22511,22511,,"{""PAYOUT_INTERNAL_EQUATION"": true, ""STAGE1_BALANCE"": true, ""STAGE2_BALANCE"": true, ""CURRENCY_CONSISTENCY"": true, ""DATE_ORDER_VALIDITY"": true}"
PO_2088,AUTO_APPROVED,0.8918,True,TXN_1124,141370,141370,BNK_3096,141370,141370,,"{""PAYOUT_INTERNAL_EQUATION"": true, ""STAGE1_BALANCE"": true, ""STAGE2_BALANCE"": true, ""CURRENCY_CONSISTENCY"": true, ""DATE_ORDER_VALIDITY"": true}"
PO_2199,AUTO_APPROVED,0.8947,True,TXN_1268,67620,67620,BNK_3219,66025,66025,,"{""PAYOUT_INTERNAL_EQUATION"": true, ""STAGE1_BALANCE"": true, ""STAGE2_BALANCE"": true, ""CURRENCY_CONSISTENCY"": true, ""DATE_ORDER_VALIDITY"": true}"
PO_2360,AUTO_APPROVED,0.8768,True,TXN_1489,145680,145680,BNK_3388,145680,145680,,"{""PAYOUT_INTERNAL_EQUATION"": true, ""STAGE1_BALANCE"": true, ""STAGE2_BALANCE"": true, ""CURRENCY_CONSISTENCY"": true, ""DATE_ORDER_VALIDITY"": true}"
PO_2316,AUTO_APPROVED,0.8928,True,TXN_1428,36980,36980,BNK_3341,36108,36108,,"{""PAYOUT_INTERNAL_EQUATION"": true, ""STAGE1_BALANCE"": true, ""STAGE2_BALANCE"": true, ""CURRENCY_CONSISTENCY"": true, ""DATE_ORDER_VALIDITY"": true}"
PO_2010,AUTO_APPROVED,0.8921,True,TXN_1015,190850,190850,BNK_3013,190850,190850,,"{""PAYOUT_INTERNAL_EQUATION"": true, ""STAGE1_BALANCE"": true, ""STAGE2_BALANCE"": true, ""CURRENCY_CONSISTENCY"": true, ""DATE_ORDER_VALIDITY"": true}"
PO_2100,AUTO_APPROVED,0.93,True,TXN_1139,185250,185250,BNK_3109,185250,185250,,"{""PAYOUT_INTERNAL_EQUATION"": true, ""STAGE1_BALANCE"": true, ""STAGE2_BALANCE"": true, ""CURRENCY_CONSISTENCY"": true, ""DATE_ORDER_VALIDITY"": true}"
PO_2311,NEEDS_REVIEW,0.7885,False,TXN_1422;TXN_1421;TXN_1420,227260,227260,BNK_3336,222716,222716,,"{""PAYOUT_INTERNAL_EQUATION"": true, ""STAGE1_BALANCE"": true, ""STAGE2_BALANCE"": true, ""CURRENCY_CONSISTENCY"": true, ""DATE_ORDER_VALIDITY"": true}"
PO_2108,AUTO_APPROVED,0.9061,True,TXN_1147,140960,140960,BNK_3120,140960,140960,,"{""PAYOUT_INTERNAL_EQUATION"": true, ""STAGE1_BALANCE"": true, ""STAGE2_BALANCE"": true, ""CURRENCY_CONSISTENCY"": true, ""DATE_ORDER_VALIDITY"": true}"
PO_2285,AUTO_APPROVED,0.8963,True,TXN_1388,154420,154420,BNK_3310,154420,154420,,"{""PAYOUT_INTERNAL_EQUATION"": true, ""STAGE1_BALANCE"": true, ""STAGE2_BALANCE"": true, ""CURRENCY_CONSISTENCY"": true, ""DATE_ORDER_VALIDITY"": true}"
PO_2368,AUTO_APPROVED,0.8936,True,TXN_1497,189740,189740,BNK_3396,185263,185263,,"{""PAYOUT_INTERNAL_EQUATION"": true, ""STAGE1_BALANCE"": true, ""STAGE2_BALANCE"": true, ""CURRENCY_CONSISTENCY"": true, ""DATE_ORDER_VALIDITY"": true}"
PO_2295,AUTO_APPROVED,0.8947,True,TXN_1402,200160,200160,BNK_3321,200160,200160,,"{""PAYOUT_INTERNAL_EQUATION"": true, ""STAGE1_BALANCE"": true, ""STAGE2_BALANCE"": true, ""CURRENCY_CONSISTENCY"": true, ""DATE_ORDER_VALIDITY"": true}"
PO_2340,AUTO_APPROVED,0.93,True,TXN_1456,167100,167100,BNK_3366,167100,167100,,"{""PAYOUT_INTERNAL_EQUATION"": true, ""STAGE1_BALANCE"": true, ""STAGE2_BALANCE"": true, ""CURRENCY_CONSISTENCY"": true, ""DATE_ORDER_VALIDITY"": true}"
PO_2007,AUTO_APPROVED,0.8184,True,TXN_1012,92480,92480,BNK_3009;BNK_3010,90631,90631,,"{""PAYOUT_INTERNAL_EQUATION"": true, ""STAGE1_BALANCE"": true, ""STAGE2_BALANCE"": true, ""CURRENCY_CONSISTENCY"": true, ""DATE_ORDER_VALIDITY"": true}"
PO_2367,AUTO_APPROVED,0.8924,True,TXN_1496,106800,106800,BNK_3395,83304,83304,,"{""PAYOUT_INTERNAL_EQUATION"": true, ""STAGE1_BALANCE"": true, ""STAGE2_BALANCE"": true, ""CURRENCY_CONSISTENCY"": true, ""DATE_ORDER_VALIDITY"": true}"
PO_2036,AUTO_APPROVED,0.8957,True,TXN_1052,178320,178320,BNK_3043,174112,174112,,"{""PAYOUT_INTERNAL_EQUATION"": true, ""STAGE1_BALANCE"": true, ""STAGE2_BALANCE"": true, ""CURRENCY_CONSISTENCY"": true, ""DATE_ORDER_VALIDITY"": true}"
PO_2175,AUTO_APPROVED,0.8947,True,TXN_1239,233870,233870,BNK_3193,228351,228351,,"{""PAYOUT_INTERNAL_EQUATION"": true, ""STAGE1_BALANCE"": true, ""STAGE2_BALANCE"": true, ""CURRENCY_CONSISTENCY"": true, ""DATE_ORDER_VALIDITY"": true}"
PO_2308,AUTO_APPROVED,0.8965,True,TXN_1418,185250,185250,BNK_3334,180879,180879,,"{""PAYOUT_INTERNAL_EQUATION"": true, ""STAGE1_BALANCE"": true, ""STAGE2_BALANCE"": true, ""CURRENCY_CONSISTENCY"": true, ""DATE_ORDER_VALIDITY"": true}"
PO_2223,NEEDS_REVIEW,0.7893,False,TXN_1301;TXN_1300;TXN_1299;TXN_1298,303700,303700,BNK_3246,297628,297628,,"{""PAYOUT_INTERNAL_EQUATION"": true, ""STAGE1_BALANCE"": true, ""STAGE2_BALANCE"": true, ""CURRENCY_CONSISTENCY"": true, ""DATE_ORDER_VALIDITY"": true}"
PO_2104,AUTO_APPROVED,0.8944,True,TXN_1143,204510,204510,BNK_3115,204510,204510,,"{""PAYOUT_INTERNAL_EQUATION"": true, ""STAGE1_BALANCE"": true, ""STAGE2_BALANCE"": true, ""CURRENCY_CONSISTENCY"": true, ""DATE_ORDER_VALIDITY"": true}"
PO_2255,NEEDS_REVIEW,0.6843,False,TXN_1348,125430,125430,BNK_3280,122922,122922,,"{""PAYOUT_INTERNAL_EQUATION"": true, ""STAGE1_BALANCE"": true, ""STAGE2_BALANCE"": true, ""CURRENCY_CONSISTENCY"": true, ""DATE_ORDER_VALIDITY"": true}"
PO_2270,AUTO_APPROVED,0.8959,True,TXN_1368,95160,95160,BNK_3296,92915,92915,,"{""PAYOUT_INTERNAL_EQUATION"": true, ""STAGE1_BALANCE"": true, ""STAGE2_BALANCE"": true, ""CURRENCY_CONSISTENCY"": true, ""DATE_ORDER_VALIDITY"": true}"
PO_2062,NEEDS_REVIEW,0.6843,False,TXN_1086,31400,31400,BNK_3068,30772,30772,,"{""PAYOUT_INTERNAL_EQUATION"": true, ""STAGE1_BALANCE"": true, ""STAGE2_BALANCE"": true, ""CURRENCY_CONSISTENCY"": true, ""DATE_ORDER_VALIDITY"": true}"
PO_2196,NEEDS_REVIEW,0.791,False,TXN_1263;TXN_1262;TXN_1261;TXN_1260,350000,350000,BNK_3216,343002,343002,,"{""PAYOUT_INTERNAL_EQUATION"": true, ""STAGE1_BALANCE"": true, ""STAGE2_BALANCE"": true, ""CURRENCY_CONSISTENCY"": true, ""DATE_ORDER_VALIDITY"": true}"
PO_2273,AUTO_APPROVED,0.8962,True,TXN_1370,236850,236850,BNK_3298,236850,236850,,"{""PAYOUT_INTERNAL_EQUATION"": true, ""STAGE1_BALANCE"": true, ""STAGE2_BALANCE"": true, ""CURRENCY_CONSISTENCY"": true, ""DATE_ORDER_VALIDITY"": true}"
PO_2039,AUTO_APPROVED,0.8959,True,TXN_1055,21640,21640,BNK_3046,21640,21640,,"{""PAYOUT_INTERNAL_EQUATION"": true, ""STAGE1_BALANCE"": true, ""STAGE2_BALANCE"": true, ""CURRENCY_CONSISTENCY"": true, ""DATE_ORDER_VALIDITY"": true}"
PO_2049,AUTO_APPROVED,0.8928,True,TXN_1067,5550,5550,BNK_3055,5550,5550,,"{""PAYOUT_INTERNAL_EQUATION"": true, ""STAGE1_BALANCE"": true, ""STAGE2_BALANCE"": true, ""CURRENCY_CONSISTENCY"": true, ""DATE_ORDER_VALIDITY"": true}"
PO_2320,AUTO_APPROVED,0.8926,True,TXN_1432,6450,6450,BNK_3345,6450,6450,,"{""PAYOUT_INTERNAL_EQUATION"": true, ""STAGE1_BALANCE"": true, ""STAGE2_BALANCE"": true, ""CURRENCY_CONSISTENCY"": true, ""DATE_ORDER_VALIDITY"": true}"
PO_2167,AUTO_APPROVED,0.93,True,TXN_1228,211890,211890,BNK_3185,211890,211890,,"{""PAYOUT_INTERNAL_EQUATION"": true, ""STAGE1_BALANCE"": true, ""STAGE2_BALANCE"": true, ""CURRENCY_CONSISTENCY"": true, ""DATE_ORDER_VALIDITY"": true}"
PO_2246,NEEDS_REVIEW,0.7878,False,TXN_1336;TXN_1335;TXN_1334,200110,200110,BNK_3269,196109,196109,,"{""PAYOUT_INTERNAL_EQUATION"": true, ""STAGE1_BALANCE"": true, ""STAGE2_BALANCE"": true, ""CURRENCY_CONSISTENCY"": true, ""DATE_ORDER_VALIDITY"": true}"
PO_2168,AUTO_APPROVED,0.8928,True,TXN_1229,106710,106710,BNK_3186,104192,104192,,"{""PAYOUT_INTERNAL_EQUATION"": true, ""STAGE1_BALANCE"": true, ""STAGE2_BALANCE"": true, ""CURRENCY_CONSISTENCY"": true, ""DATE_ORDER_VALIDITY"": true}"
PO_2067,NEEDS_REVIEW,0.789,False,TXN_1097;TXN_1096,102780,102780,BNK_3073,100725,100725,,"{""PAYOUT_INTERNAL_EQUATION"": true, ""STAGE1_BALANCE"": true, ""STAGE2_BALANCE"": true, ""CURRENCY_CONSISTENCY"": true, ""DATE_ORDER_VALIDITY"": true}"
PO_2208,AUTO_APPROVED,0.896,True,TXN_1278,193060,193060,BNK_3229,193060,193060,,"{""PAYOUT_INTERNAL_EQUATION"": true, ""STAGE1_BALANCE"": true, ""STAGE2_BALANCE"": true, ""CURRENCY_CONSISTENCY"": true, ""DATE_ORDER_VALIDITY"": true}"
PO_2267,AUTO_APPROVED,0.8981,True,TXN_1365,235450,235450,BNK_3293,235450,235450,,"{""PAYOUT_INTERNAL_EQUATION"": true, ""STAGE1_BALANCE"": true, ""STAGE2_BALANCE"": true, ""CURRENCY_CONSISTENCY"": true, ""DATE_ORDER_VALIDITY"": true}"
PO_2164,NEEDS_REVIEW,0.7908,False,TXN_1225;TXN_1224,62310,62310,BNK_3182,61065,61065,,"{""PAYOUT_INTERNAL_EQUATION"": true, ""STAGE1_BALANCE"": true, ""STAGE2_BALANCE"": true, ""CURRENCY_CONSISTENCY"": true, ""DATE_ORDER_VALIDITY"": true}"
PO_2258,NEEDS_REVIEW,0.788,False,TXN_1352;TXN_1351,182640,182640,BNK_3284,178988,178988,,"{""PAYOUT_INTERNAL_EQUATION"": true, ""STAGE1_BALANCE"": true, ""STAGE2_BALANCE"": true, ""CURRENCY_CONSISTENCY"": true, ""DATE_ORDER_VALIDITY"": true}"
PO_2087,AUTO_APPROVED,0.8984,True,TXN_1123,229930,229930,BNK_3095,229930,229930,,"{""PAYOUT_INTERNAL_EQUATION"": true, ""STAGE1_BALANCE"": true, ""STAGE2_BALANCE"": true, ""CURRENCY_CONSISTENCY"": true, ""DATE_ORDER_VALIDITY"": true}"
PO_2294,NEEDS_REVIEW,0.7875,False,TXN_1401;TXN_1400,206680,206680,BNK_3320,202548,202548,,"{""PAYOUT_INTERNAL_EQUATION"": true, ""STAGE1_BALANCE"": true, ""STAGE2_BALANCE"": true, ""CURRENCY_CONSISTENCY"": true, ""DATE_ORDER_VALIDITY"": true}"
PO_2282,AUTO_APPROVED,0.8915,True,TXN_1379,90450,90450,BNK_3307,88316,88316,,"{""PAYOUT_INTERNAL_EQUATION"": true, ""STAGE1_BALANCE"": true, ""STAGE2_BALANCE"": true, ""CURRENCY_CONSISTENCY"": true, ""DATE_ORDER_VALIDITY"": true}"
PO_2028,AUTO_APPROVED,0.8184,True,TXN_1039,164130,164130,BNK_3033;BNK_3034,160848,160848,,"{""PAYOUT_INTERNAL_EQUATION"": true, ""STAGE1_BALANCE"": true, ""STAGE2_BALANCE"": true, ""CURRENCY_CONSISTENCY"": true, ""DATE_ORDER_VALIDITY"": true}"
PO_2176,AUTO_APPROVED,0.8184,True,TXN_1240,112630,112630,BNK_3194;BNK_3195,110378,110378,,"{""PAYOUT_INTERNAL_EQUATION"": true, ""STAGE1_BALANCE"": true, ""STAGE2_BALANCE"": true, ""CURRENCY_CONSISTENCY"": true, ""DATE_ORDER_VALIDITY"": true}"
PO_2369,AUTO_APPROVED,0.8982,True,TXN_1498,85320,85320,BNK_3397,85320,85320,,"{""PAYOUT_INTERNAL_EQUATION"": true, ""STAGE1_BALANCE"": true, ""STAGE2_BALANCE"": true, ""CURRENCY_CONSISTENCY"": true, ""DATE_ORDER_VALIDITY"": true}"
PO_2073,AUTO_APPROVED,0.8941,True,TXN_1104,18450,18450,BNK_3079,18450,18450,,"{""PAYOUT_INTERNAL_EQUATION"": true, ""STAGE1_BALANCE"": true, ""STAGE2_BALANCE"": true, ""CURRENCY_CONSISTENCY"": true, ""DATE_ORDER_VALIDITY"": true}"
PO_2250,AUTO_APPROVED,0.8768,True,TXN_1343,214290,214290,BNK_3274,214290,214290,,"{""PAYOUT_INTERNAL_EQUATION"": true, ""STAGE1_BALANCE"": true, ""STAGE2_BALANCE"": true, ""CURRENCY_CONSISTENCY"": true, ""DATE_ORDER_VALIDITY"": true}"
PO_2153,AUTO_APPROVED,0.8184,True,TXN_1211,178820,178820,BNK_3169;BNK_3170,175244,175244,,"{""PAYOUT_INTERNAL_EQUATION"": true, ""STAGE1_BALANCE"": true, ""STAGE2_BALANCE"": true, ""CURRENCY_CONSISTENCY"": true, ""DATE_ORDER_VALIDITY"": true}"
PO_2166,AUTO_APPROVED,0.8768,True,TXN_1227,110900,110900,BNK_3184,110900,110900,,"{""PAYOUT_INTERNAL_EQUATION"": true, ""STAGE1_BALANCE"": true, ""STAGE2_BALANCE"": true, ""CURRENCY_CONSISTENCY"": true, ""DATE_ORDER_VALIDITY"": true}"
PO_2329,NEEDS_REVIEW,0.6843,False,TXN_1441,77260,77260,BNK_3355,75715,75715,,"{""PAYOUT_INTERNAL_EQUATION"": true, ""STAGE1_BALANCE"": true, ""STAGE2_BALANCE"": true, ""CURRENCY_CONSISTENCY"": true, ""DATE_ORDER_VALIDITY"": true}"
PO_2096,NEEDS_REVIEW,0.6843,False,TXN_1134,31350,31350,BNK_3104,30723,30723,,"{""PAYOUT_INTERNAL_EQUATION"": true, ""STAGE1_BALANCE"": true, ""STAGE2_BALANCE"": true, ""CURRENCY_CONSISTENCY"": true, ""DATE_ORDER_VALIDITY"": true}"
PO_2215,AUTO_APPROVED,0.8928,True,TXN_1288,29300,29300,BNK_3236,28609,28609,,"{""PAYOUT_INTERNAL_EQUATION"": true, ""STAGE1_BALANCE"": true, ""STAGE2_BALANCE"": true, ""CURRENCY_CONSISTENCY"": true, ""DATE_ORDER_VALIDITY"": true}"
PO_2216,NEEDS_REVIEW,0.6843,False,TXN_1289,47280,47280,BNK_3237,46335,46335,,"{""PAYOUT_INTERNAL_EQUATION"": true, ""STAGE1_BALANCE"": true, ""STAGE2_BALANCE"": true, ""CURRENCY_CONSISTENCY"": true, ""DATE_ORDER_VALIDITY"": true}"
PO_2339,UNRESOLVED,0.0,False,,0,155220,,0,155220,STAGE1_NO_VALID_TRANSACTIONS_MATCHED; STAGE2_NO_VALID_BANK_ENTRIES_MATCHED,"{""PAYOUT_INTERNAL_EQUATION"": true, ""STAGE1_BALANCE"": false, ""STAGE2_BALANCE"": false, ""CURRENCY_CONSISTENCY"": true, ""DATE_ORDER_VALIDITY"": true}"
PO_2131,AUTO_APPROVED,0.8184,True,TXN_1181,50800,50800,BNK_3144;BNK_3145,49784,49784,,"{""PAYOUT_INTERNAL_EQUATION"": true, ""STAGE1_BALANCE"": true, ""STAGE2_BALANCE"": true, ""CURRENCY_CONSISTENCY"": true, ""DATE_ORDER_VALIDITY"": true}"
PO_2002,AUTO_APPROVED,0.8968,True,TXN_1002,35700,35700,BNK_3003,35700,35700,,"{""PAYOUT_INTERNAL_EQUATION"": true, ""STAGE1_BALANCE"": true, ""STAGE2_BALANCE"": true, ""CURRENCY_CONSISTENCY"": true, ""DATE_ORDER_VALIDITY"": true}"
PO_2027,AUTO_APPROVED,0.8976,True,TXN_1038,185330,185330,BNK_3032,180957,180957,,"{""PAYOUT_INTERNAL_EQUATION"": true, ""STAGE1_BALANCE"": true, ""STAGE2_BALANCE"": true, ""CURRENCY_CONSISTENCY"": true, ""DATE_ORDER_VALIDITY"": true}"
PO_2150,AUTO_APPROVED,0.8907,True,TXN_1208,208720,208720,BNK_3165,203795,203795,,"{""PAYOUT_INTERNAL_EQUATION"": true, ""STAGE1_BALANCE"": true, ""STAGE2_BALANCE"": true, ""CURRENCY_CONSISTENCY"": true, ""DATE_ORDER_VALIDITY"": true}"
PO_2290,AUTO_APPROVED,0.8931,True,TXN_1393,129270,129270,BNK_3316,126220,126220,,"{""PAYOUT_INTERNAL_EQUATION"": true, ""STAGE1_BALANCE"": true, ""STAGE2_BALANCE"": true, ""CURRENCY_CONSISTENCY"": true, ""DATE_ORDER_VALIDITY"": true}"
PO_2306,NEEDS_REVIEW,0.7893,False,TXN_1416;TXN_1415;TXN_1414;TXN_1413,292260,292260,BNK_3332,286416,286416,,"{""PAYOUT_INTERNAL_EQUATION"": true, ""STAGE1_BALANCE"": true, ""STAGE2_BALANCE"": true, ""CURRENCY_CONSISTENCY"": true, ""DATE_ORDER_VALIDITY"": true}"
PO_2212,AUTO_APPROVED,0.8963,True,TXN_1285,171700,171700,BNK_3233,167648,167648,,"{""PAYOUT_INTERNAL_EQUATION"": true, ""STAGE1_BALANCE"": true, ""STAGE2_BALANCE"": true, ""CURRENCY_CONSISTENCY"": true, ""DATE_ORDER_VALIDITY"": true}"
PO_2134,NEEDS_REVIEW,0.7917,False,TXN_1189;TXN_1188;TXN_1187,244260,244260,BNK_3148,239377,239377,,"{""PAYOUT_INTERNAL_EQUATION"": true, ""STAGE1_BALANCE"": true, ""STAGE2_BALANCE"": true, ""CURRENCY_CONSISTENCY"": true, ""DATE_ORDER_VALIDITY"": true}"
PO_2174,AUTO_APPROVED,0.8929,True,TXN_1238,220140,220140,BNK_3192,214945,214945,,"{""PAYOUT_INTERNAL_EQUATION"": true, ""STAGE1_BALANCE"": true, ""STAGE2_BALANCE"": true, ""CURRENCY_CONSISTENCY"": true, ""DATE_ORDER_VALIDITY"": true}"
PO_2078,AUTO_APPROVED,0.8184,True,TXN_1109,64580,64580,BNK_3084;BNK_3085,63289,63289,,"{""PAYOUT_INTERNAL_EQUATION"": true, ""STAGE1_BALANCE"": true, ""STAGE2_BALANCE"": true, ""CURRENCY_CONSISTENCY"": true, ""DATE_ORDER_VALIDITY"": true}"
PO_2120,AUTO_APPROVED,0.8955,True,TXN_1162,51890,51890,BNK_3132,51890,51890,,"{""PAYOUT_INTERNAL_EQUATION"": true, ""STAGE1_BALANCE"": true, ""STAGE2_BALANCE"": true, ""CURRENCY_CONSISTENCY"": true, ""DATE_ORDER_VALIDITY"": true}"
PO_2056,NEEDS_REVIEW,0.6843,False,TXN_1074,78610,78610,BNK_3062,77038,77038,,"{""PAYOUT_INTERNAL_EQUATION"": true, ""STAGE1_BALANCE"": true, ""STAGE2_BALANCE"": true, ""CURRENCY_CONSISTENCY"": true, ""DATE_ORDER_VALIDITY"": true}"
PO_2280,AUTO_APPROVED,0.8768,True,TXN_1377,90700,90700,BNK_3305,90700,90700,,"{""PAYOUT_INTERNAL_EQUATION"": true, ""STAGE1_BALANCE"": true, ""STAGE2_BALANCE"": true, ""CURRENCY_CONSISTENCY"": true, ""DATE_ORDER_VALIDITY"": true}"
PO_2118,AUTO_APPROVED,0.895,True,TXN_1160,101130,101130,BNK_3130,101130,101130,,"{""PAYOUT_INTERNAL_EQUATION"": true, ""STAGE1_BALANCE"": true, ""STAGE2_BALANCE"": true, ""CURRENCY_CONSISTENCY"": true, ""DATE_ORDER_VALIDITY"": true}"
PO_2090,AUTO_APPROVED,0.93,True,TXN_1126,247510,247510,BNK_3098,247510,247510,,"{""PAYOUT_INTERNAL_EQUATION"": true, ""STAGE1_BALANCE"": true, ""STAGE2_BALANCE"": true, ""CURRENCY_CONSISTENCY"": true, ""DATE_ORDER_VALIDITY"": true}"
PO_2219,AUTO_APPROVED,0.8184,True,TXN_1292,198920,198920,BNK_3240;BNK_3241,194942,194942,,"{""PAYOUT_INTERNAL_EQUATION"": true, ""STAGE1_BALANCE"": true, ""STAGE2_BALANCE"": true, ""CURRENCY_CONSISTENCY"": true, ""DATE_ORDER_VALIDITY"": true}"
PO_2344,AUTO_APPROVED,0.8949,True,TXN_1462,234190,234190,BNK_3370,228664,228664,,"{""PAYOUT_INTERNAL_EQUATION"": true, ""STAGE1_BALANCE"": true, ""STAGE2_BALANCE"": true, ""CURRENCY_CONSISTENCY"": true, ""DATE_ORDER_VALIDITY"": true}"
PO_2230,AUTO_APPROVED,0.8923,True,TXN_1314,160230,160230,BNK_3253,156449,156449,,"{""PAYOUT_INTERNAL_EQUATION"": true, ""STAGE1_BALANCE"": true, ""STAGE2_BALANCE"": true, ""CURRENCY_CONSISTENCY"": true, ""DATE_ORDER_VALIDITY"": true}"
PO_2315,NEEDS_REVIEW,0.7887,False,TXN_1427;TXN_1426,93160,93160,BNK_3340,91297,91297,,"{""PAYOUT_INTERNAL_EQUATION"": true, ""STAGE1_BALANCE"": true, ""STAGE2_BALANCE"": true, ""CURRENCY_CONSISTENCY"": true, ""DATE_ORDER_VALIDITY"": true}"
PO_2071,AUTO_APPROVED,0.8768,True,TXN_1102,193670,193670,BNK_3077,193670,193670,,"{""PAYOUT_INTERNAL_EQUATION"": true, ""STAGE1_BALANCE"": true, ""STAGE2_BALANCE"": true, ""CURRENCY_CONSISTENCY"": true, ""DATE_ORDER_VALIDITY"": true}"
PO_2322,AUTO_APPROVED,0.8936,True,TXN_1434,205310,205310,BNK_3347,205310,205310,,"{""PAYOUT_INTERNAL_EQUATION"": true, ""STAGE1_BALANCE"": true, ""STAGE2_BALANCE"": true, ""CURRENCY_CONSISTENCY"": true, ""DATE_ORDER_VALIDITY"": true}"
PO_2182,AUTO_APPROVED,0.8184,True,TXN_1246,158680,158680,BNK_3201;BNK_3202,155507,155507,,"{""PAYOUT_INTERNAL_EQUATION"": true, ""STAGE1_BALANCE"": true, ""STAGE2_BALANCE"": true, ""CURRENCY_CONSISTENCY"": true, ""DATE_ORDER_VALIDITY"": true}"
PO_2183,AUTO_APPROVED,0.9061,True,TXN_1247,97330,97330,BNK_3203,97330,97330,,"{""PAYOUT_INTERNAL_EQUATION"": true, ""STAGE1_BALANCE"": true, ""STAGE2_BALANCE"": true, ""CURRENCY_CONSISTENCY"": true, ""DATE_ORDER_VALIDITY"": true}"
PO_2079,NEEDS_REVIEW,0.7868,False,TXN_1112;TXN_1111;TXN_1110,81500,81500,BNK_3086,79871,79871,,"{""PAYOUT_INTERNAL_EQUATION"": true, ""STAGE1_BALANCE"": true, ""STAGE2_BALANCE"": true, ""CURRENCY_CONSISTENCY"": true, ""DATE_ORDER_VALIDITY"": true}"
PO_2242,AUTO_APPROVED,0.8924,True,TXN_1330,118490,118490,BNK_3265,92424,92424,,"{""PAYOUT_INTERNAL_EQUATION"": true, ""STAGE1_BALANCE"": true, ""STAGE2_BALANCE"": true, ""CURRENCY_CONSISTENCY"": true, ""DATE_ORDER_VALIDITY"": true}"
PO_2304,AUTO_APPROVED,0.891,True,TXN_1411,167460,167460,BNK_3330,163508,163508,,"{""PAYOUT_INTERNAL_EQUATION"": true, ""STAGE1_BALANCE"": true, ""STAGE2_BALANCE"": true, ""CURRENCY_CONSISTENCY"": true, ""DATE_ORDER_VALIDITY"": true}"
PO_2331,NEEDS_REVIEW,0.7867,False,TXN_1446;TXN_1445;TXN_1444;TXN_1443,298550,298550,BNK_3357,292580,292580,,"{""PAYOUT_INTERNAL_EQUATION"": true, ""STAGE1_BALANCE"": true, ""STAGE2_BALANCE"": true, ""CURRENCY_CONSISTENCY"": true, ""DATE_ORDER_VALIDITY"": true}"
PO_2065,NEEDS_REVIEW,0.7916,False,TXN_1094;TXN_1093;TXN_1092,313050,313050,BNK_3071,306790,306790,,"{""PAYOUT_INTERNAL_EQUATION"": true, ""STAGE1_BALANCE"": true, ""STAGE2_BALANCE"": true, ""CURRENCY_CONSISTENCY"": true, ""DATE_ORDER_VALIDITY"": true}"
PO_2058,NEEDS_REVIEW,0.7858,False,TXN_1079;TXN_1078;TXN_1077;TXN_1076,308020,308020,BNK_3064,301861,301861,,"{""PAYOUT_INTERNAL_EQUATION"": true, ""STAGE1_BALANCE"": true, ""STAGE2_BALANCE"": true, ""CURRENCY_CONSISTENCY"": true, ""DATE_ORDER_VALIDITY"": true}"
PO_2003,NEEDS_REVIEW,0.7891,False,TXN_1005;TXN_1004;TXN_1003,252480,252480,BNK_3004,247432,247432,,"{""PAYOUT_INTERNAL_EQUATION"": true, ""STAGE1_BALANCE"": true, ""STAGE2_BALANCE"": true, ""CURRENCY_CONSISTENCY"": true, ""DATE_ORDER_VALIDITY"": true}"
PO_2342,AUTO_APPROVED,0.8768,True,TXN_1458,56760,56760,BNK_3368,56760,56760,,"{""PAYOUT_INTERNAL_EQUATION"": true, ""STAGE1_BALANCE"": true, ""STAGE2_BALANCE"": true, ""CURRENCY_CONSISTENCY"": true, ""DATE_ORDER_VALIDITY"": true}"
PO_2324,AUTO_APPROVED,0.8184,True,TXN_1436,64980,64980,BNK_3349;BNK_3350,63681,63681,,"{""PAYOUT_INTERNAL_EQUATION"": true, ""STAGE1_BALANCE"": true, ""STAGE2_BALANCE"": true, ""CURRENCY_CONSISTENCY"": true, ""DATE_ORDER_VALIDITY"": true}"
PO_2365,AUTO_APPROVED,0.8768,True,TXN_1494,109830,109830,BNK_3393,109830,109830,,"{""PAYOUT_INTERNAL_EQUATION"": true, ""STAGE1_BALANCE"": true, ""STAGE2_BALANCE"": true, ""CURRENCY_CONSISTENCY"": true, ""DATE_ORDER_VALIDITY"": true}"
PO_2068,AUTO_APPROVED,0.8962,True,TXN_1098,159110,159110,BNK_3074,155356,155356,,"{""PAYOUT_INTERNAL_EQUATION"": true, ""STAGE1_BALANCE"": true, ""STAGE2_BALANCE"": true, ""CURRENCY_CONSISTENCY"": true, ""DATE_ORDER_VALIDITY"": true}"
PO_2277,AUTO_APPROVED,0.8945,True,TXN_1374,76110,76110,BNK_3302,76110,76110,,"{""PAYOUT_INTERNAL_EQUATION"": true, ""STAGE1_BALANCE"": true, ""STAGE2_BALANCE"": true, ""CURRENCY_CONSISTENCY"": true, ""DATE_ORDER_VALIDITY"": true}"
PO_2005,AUTO_APPROVED,0.8184,True,TXN_1007,30820,30820,BNK_3006;BNK_3007,30204,30204,,"{""PAYOUT_INTERNAL_EQUATION"": true, ""STAGE1_BALANCE"": true, ""STAGE2_BALANCE"": true, ""CURRENCY_CONSISTENCY"": true, ""DATE_ORDER_VALIDITY"": true}"
PO_2333,AUTO_APPROVED,0.8768,True,TXN_1448,204970,204970,BNK_3359,204970,204970,,"{""PAYOUT_INTERNAL_EQUATION"": true, ""STAGE1_BALANCE"": true, ""STAGE2_BALANCE"": true, ""CURRENCY_CONSISTENCY"": true, ""DATE_ORDER_VALIDITY"": true}"
PO_2210,NEEDS_REVIEW,0.7886,False,TXN_1283;TXN_1282;TXN_1281;TXN_1280,254780,254780,BNK_3231,249686,249686,,"{""PAYOUT_INTERNAL_EQUATION"": true, ""STAGE1_BALANCE"": true, ""STAGE2_BALANCE"": true, ""CURRENCY_CONSISTENCY"": true, ""DATE_ORDER_VALIDITY"": true}"
PO_2321,AUTO_APPROVED,0.8957,True,TXN_1433,111810,111810,BNK_3346,111810,111810,,"{""PAYOUT_INTERNAL_EQUATION"": true, ""STAGE1_BALANCE"": true, ""STAGE2_BALANCE"": true, ""CURRENCY_CONSISTENCY"": true, ""DATE_ORDER_VALIDITY"": true}"
PO_2106,AUTO_APPROVED,0.8184,True,TXN_1145,141140,141140,BNK_3117;BNK_3118,138318,138318,,"{""PAYOUT_INTERNAL_EQUATION"": true, ""STAGE1_BALANCE"": true, ""STAGE2_BALANCE"": true, ""CURRENCY_CONSISTENCY"": true, ""DATE_ORDER_VALIDITY"": true}"
PO_2116,AUTO_APPROVED,0.93,True,TXN_1158,99160,99160,BNK_3128,99160,99160,,"{""PAYOUT_INTERNAL_EQUATION"": true, ""STAGE1_BALANCE"": true, ""STAGE2_BALANCE"": true, ""CURRENCY_CONSISTENCY"": true, ""DATE_ORDER_VALIDITY"": true}"
PO_2114,AUTO_APPROVED,0.8768,True,TXN_1156,31310,31310,BNK_3126,31310,31310,,"{""PAYOUT_INTERNAL_EQUATION"": true, ""STAGE1_BALANCE"": true, ""STAGE2_BALANCE"": true, ""CURRENCY_CONSISTENCY"": true, ""DATE_ORDER_VALIDITY"": true}"
PO_2110,NEEDS_REVIEW,0.7891,False,TXN_1152;TXN_1151;TXN_1150;TXN_1149,437020,437020,BNK_3122,428281,428281,,"{""PAYOUT_INTERNAL_EQUATION"": true, ""STAGE1_BALANCE"": true, ""STAGE2_BALANCE"": true, ""CURRENCY_CONSISTENCY"": true, ""DATE_ORDER_VALIDITY"": true}"
PO_2274,AUTO_APPROVED,0.9061,True,TXN_1371,132270,132270,BNK_3299,132270,132270,,"{""PAYOUT_INTERNAL_EQUATION"": true, ""STAGE1_BALANCE"": true, ""STAGE2_BALANCE"": true, ""CURRENCY_CONSISTENCY"": true, ""DATE_ORDER_VALIDITY"": true}"
PO_2301,AUTO_APPROVED,0.8944,True,TXN_1408,9040,9040,BNK_3327,8827,8827,,"{""PAYOUT_INTERNAL_EQUATION"": true, ""STAGE1_BALANCE"": true, ""STAGE2_BALANCE"": true, ""CURRENCY_CONSISTENCY"": true, ""DATE_ORDER_VALIDITY"": true}"
PO_2198,NEEDS_REVIEW,0.7887,False,TXN_1267;TXN_1266;TXN_1265,212990,212990,BNK_3218,208731,208731,,"{""PAYOUT_INTERNAL_EQUATION"": true, ""STAGE1_BALANCE"": true, ""STAGE2_BALANCE"": true, ""CURRENCY_CONSISTENCY"": true, ""DATE_ORDER_VALIDITY"": true}"
PO_2300,AUTO_APPROVED,0.8989,True,TXN_1407,38840,38840,BNK_3326,38840,38840,,"{""PAYOUT_INTERNAL_EQUATION"": true, ""STAGE1_BALANCE"": true, ""STAGE2_BALANCE"": true, ""CURRENCY_CONSISTENCY"": true, ""DATE_ORDER_VALIDITY"": true}"
PO_2146,AUTO_APPROVED,0.897,True,TXN_1204,32970,32970,BNK_3161,32970,32970,,"{""PAYOUT_INTERNAL_EQUATION"": true, ""STAGE1_BALANCE"": true, ""STAGE2_BALANCE"": true, ""CURRENCY_CONSISTENCY"": true, ""DATE_ORDER_VALIDITY"": true}"
PO_2047,AUTO_APPROVED,0.8936,True,TXN_1062,96460,96460,BNK_3053,96460,96460,,"{""PAYOUT_INTERNAL_EQUATION"": true, ""STAGE1_BALANCE"": true, ""STAGE2_BALANCE"": true, ""CURRENCY_CONSISTENCY"": true, ""DATE_ORDER_VALIDITY"": true}"
PO_2133,NEEDS_REVIEW,0.7909,False,TXN_1186;TXN_1185;TXN_1184;TXN_1183,408370,408370,BNK_3147,400205,400205,,"{""PAYOUT_INTERNAL_EQUATION"": true, ""STAGE1_BALANCE"": true, ""STAGE2_BALANCE"": true, ""CURRENCY_CONSISTENCY"": true, ""DATE_ORDER_VALIDITY"": true}"
PO_2084,AUTO_APPROVED,0.8184,True,TXN_1118,102070,102070,BNK_3091;BNK_3092,100029,100029,,"{""PAYOUT_INTERNAL_EQUATION"": true, ""STAGE1_BALANCE"": true, ""STAGE2_BALANCE"": true, ""CURRENCY_CONSISTENCY"": true, ""DATE_ORDER_VALIDITY"": true}"
PO_2358,NEEDS_REVIEW,0.7914,False,TXN_1487;TXN_1486,30550,30550,BNK_3386,29940,29940,,"{""PAYOUT_INTERNAL_EQUATION"": true, ""STAGE1_BALANCE"": true, ""STAGE2_BALANCE"": true, ""CURRENCY_CONSISTENCY"": true, ""DATE_ORDER_VALIDITY"": true}"
PO_2180,AUTO_APPROVED,0.8929,True,TXN_1244,64250,64250,BNK_3199,62734,62734,,"{""PAYOUT_INTERNAL_EQUATION"": true, ""STAGE1_BALANCE"": true, ""STAGE2_BALANCE"": true, ""CURRENCY_CONSISTENCY"": true, ""DATE_ORDER_VALIDITY"": true}"
PO_2350,AUTO_APPROVED,0.8768,True,TXN_1471,50810,50810,BNK_3377,50810,50810,,"{""PAYOUT_INTERNAL_EQUATION"": true, ""STAGE1_BALANCE"": true, ""STAGE2_BALANCE"": true, ""CURRENCY_CONSISTENCY"": true, ""DATE_ORDER_VALIDITY"": true}"
PO_2091,AUTO_APPROVED,0.8968,True,TXN_1127,56460,56460,BNK_3099,56460,56460,,"{""PAYOUT_INTERNAL_EQUATION"": true, ""STAGE1_BALANCE"": true, ""STAGE2_BALANCE"": true, ""CURRENCY_CONSISTENCY"": true, ""DATE_ORDER_VALIDITY"": true}"
PO_2229,AUTO_APPROVED,0.8768,True,TXN_1313,171820,171820,BNK_3252,171820,171820,,"{""PAYOUT_INTERNAL_EQUATION"": true, ""STAGE1_BALANCE"": true, ""STAGE2_BALANCE"": true, ""CURRENCY_CONSISTENCY"": true, ""DATE_ORDER_VALIDITY"": true}"
PO_2251,AUTO_APPROVED,0.9061,True,TXN_1344,36250,36250,BNK_3275,36250,36250,,"{""PAYOUT_INTERNAL_EQUATION"": true, ""STAGE1_BALANCE"": true, ""STAGE2_BALANCE"": true, ""CURRENCY_CONSISTENCY"": true, ""DATE_ORDER_VALIDITY"": true}"
PO_2334,AUTO_APPROVED,0.8184,True,TXN_1449,24450,24450,BNK_3360;BNK_3361,23961,23961,,"{""PAYOUT_INTERNAL_EQUATION"": true, ""STAGE1_BALANCE"": true, ""STAGE2_BALANCE"": true, ""CURRENCY_CONSISTENCY"": true, ""DATE_ORDER_VALIDITY"": true}"
PO_2124,AUTO_APPROVED,0.8768,True,TXN_1171,208450,208450,BNK_3137,208450,208450,,"{""PAYOUT_INTERNAL_EQUATION"": true, ""STAGE1_BALANCE"": true, ""STAGE2_BALANCE"": true, ""CURRENCY_CONSISTENCY"": true, ""DATE_ORDER_VALIDITY"": true}"
PO_2016,AUTO_APPROVED,0.8184,True,TXN_1026,5180,5180,BNK_3019;BNK_3020,5077,5077,,"{""PAYOUT_INTERNAL_EQUATION"": true, ""STAGE1_BALANCE"": true, ""STAGE2_BALANCE"": true, ""CURRENCY_CONSISTENCY"": true, ""DATE_ORDER_VALIDITY"": true}"
PO_2064,NEEDS_REVIEW,0.7908,False,TXN_1091;TXN_1090;TXN_1089;TXN_1088,264560,264560,BNK_3070,259270,259270,,"{""PAYOUT_INTERNAL_EQUATION"": true, ""STAGE1_BALANCE"": true, ""STAGE2_BALANCE"": true, ""CURRENCY_CONSISTENCY"": true, ""DATE_ORDER_VALIDITY"": true}"
PO_2204,NEEDS_REVIEW,0.6843,False,TXN_1273,231020,231020,BNK_3225,226400,226400,,"{""PAYOUT_INTERNAL_EQUATION"": true, ""STAGE1_BALANCE"": true, ""STAGE2_BALANCE"": true, ""CURRENCY_CONSISTENCY"": true, ""DATE_ORDER_VALIDITY"": true}"
PO_2259,AUTO_APPROVED,0.895,True,TXN_1353,196080,196080,BNK_3285,196080,196080,,"{""PAYOUT_INTERNAL_EQUATION"": true, ""STAGE1_BALANCE"": true, ""STAGE2_BALANCE"": true, ""CURRENCY_CONSISTENCY"": true, ""DATE_ORDER_VALIDITY"": true}"
PO_2238,NEEDS_REVIEW,0.7877,False,TXN_1327;TXN_1326;TXN_1325,298910,298910,BNK_3261,292934,292934,,"{""PAYOUT_INTERNAL_EQUATION"": true, ""STAGE1_BALANCE"": true, ""STAGE2_BALANCE"": true, ""CURRENCY_CONSISTENCY"": true, ""DATE_ORDER_VALIDITY"": true}"
PO_2189,AUTO_APPROVED,0.8924,True,TXN_1253,159810,159810,BNK_3209,124653,124653,,"{""PAYOUT_INTERNAL_EQUATION"": true, ""STAGE1_BALANCE"": true, ""STAGE2_BALANCE"": true, ""CURRENCY_CONSISTENCY"": true, ""DATE_ORDER_VALIDITY"": true}"
PO_2141,NEEDS_REVIEW,0.6843,False,TXN_1199,110540,110540,BNK_3155,108330,108330,,"{""PAYOUT_INTERNAL_EQUATION"": true, ""STAGE1_BALANCE"": true, ""STAGE2_BALANCE"": true, ""CURRENCY_CONSISTENCY"": true, ""DATE_ORDER_VALIDITY"": true}"
PO_2102,AUTO_APPROVED,0.8184,True,TXN_1141,123540,123540,BNK_3111;BNK_3112,121070,121070,,"{""PAYOUT_INTERNAL_EQUATION"": true, ""STAGE1_BALANCE"": true, ""STAGE2_BALANCE"": true, ""CURRENCY_CONSISTENCY"": true, ""DATE_ORDER_VALIDITY"": true}"
PO_2185,AUTO_APPROVED,0.8954,True,TXN_1249,186710,186710,BNK_3205,186710,186710,,"{""PAYOUT_INTERNAL_EQUATION"": true, ""STAGE1_BALANCE"": true, ""STAGE2_BALANCE"": true, ""CURRENCY_CONSISTENCY"": true, ""DATE_ORDER_VALIDITY"": true}"
PO_2337,AUTO_APPROVED,0.8944,True,TXN_1454,212220,212220,BNK_3364,212220,212220,,"{""PAYOUT_INTERNAL_EQUATION"": true, ""STAGE1_BALANCE"": true, ""STAGE2_BALANCE"": true, ""CURRENCY_CONSISTENCY"": true, ""DATE_ORDER_VALIDITY"": true}"
PO_2234,NEEDS_REVIEW,0.6843,False,TXN_1321,208070,208070,BNK_3257,203909,203909,,"{""PAYOUT_INTERNAL_EQUATION"": true, ""STAGE1_BALANCE"": true, ""STAGE2_BALANCE"": true, ""CURRENCY_CONSISTENCY"": true, ""DATE_ORDER_VALIDITY"": true}"
PO_2017,AUTO_APPROVED,0.8184,True,TXN_1027,105760,105760,BNK_3021;BNK_3022,103645,103645,,"{""PAYOUT_INTERNAL_EQUATION"": true, ""STAGE1_BALANCE"": true, ""STAGE2_BALANCE"": true, ""CURRENCY_CONSISTENCY"": true, ""DATE_ORDER_VALIDITY"": true}"
PO_2128,UNRESOLVED,0.0,False,TXN_1178,180820,180820,,0,180820,STAGE2_NO_VALID_BANK_ENTRIES_MATCHED,"{""PAYOUT_INTERNAL_EQUATION"": true, ""STAGE1_BALANCE"": true, ""STAGE2_BALANCE"": false, ""CURRENCY_CONSISTENCY"": true, ""DATE_ORDER_VALIDITY"": true}"
PO_2030,AUTO_APPROVED,0.8966,True,TXN_1043,24970,24970,BNK_3036,24970,24970,,"{""PAYOUT_INTERNAL_EQUATION"": true, ""STAGE1_BALANCE"": true, ""STAGE2_BALANCE"": true, ""CURRENCY_CONSISTENCY"": true, ""DATE_ORDER_VALIDITY"": true}"
PO_2103,AUTO_APPROVED,0.8184,True,TXN_1142,184960,184960,BNK_3113;BNK_3114,181261,181261,,"{""PAYOUT_INTERNAL_EQUATION"": true, ""STAGE1_BALANCE"": true, ""STAGE2_BALANCE"": true, ""CURRENCY_CONSISTENCY"": true, ""DATE_ORDER_VALIDITY"": true}"
PO_2099,NEEDS_REVIEW,0.7887,False,TXN_1138;TXN_1137,117600,117600,BNK_3108,115248,115248,,"{""PAYOUT_INTERNAL_EQUATION"": true, ""STAGE1_BALANCE"": true, ""STAGE2_BALANCE"": true, ""CURRENCY_CONSISTENCY"": true, ""DATE_ORDER_VALIDITY"": true}"
PO_2348,AUTO_APPROVED,0.8957,True,TXN_1466,51810,51810,BNK_3375,50588,50588,,"{""PAYOUT_INTERNAL_EQUATION"": true, ""STAGE1_BALANCE"": true, ""STAGE2_BALANCE"": true, ""CURRENCY_CONSISTENCY"": true, ""DATE_ORDER_VALIDITY"": true}"
PO_2015,AUTO_APPROVED,0.8768,True,TXN_1025,171350,171350,BNK_3018,171350,171350,,"{""PAYOUT_INTERNAL_EQUATION"": true, ""STAGE1_BALANCE"": true, ""STAGE2_BALANCE"": true, ""CURRENCY_CONSISTENCY"": true, ""DATE_ORDER_VALIDITY"": true}"
PO_2292,AUTO_APPROVED,0.8965,True,TXN_1398,15780,15780,BNK_3318,15780,15780,,"{""PAYOUT_INTERNAL_EQUATION"": true, ""STAGE1_BALANCE"": true, ""STAGE2_BALANCE"": true, ""CURRENCY_CONSISTENCY"": true, ""DATE_ORDER_VALIDITY"": true}"
PO_2269,AUTO_APPROVED,0.8958,True,TXN_1367,225370,225370,BNK_3295,225370,225370,,"{""PAYOUT_INTERNAL_EQUATION"": true, ""STAGE1_BALANCE"": true, ""STAGE2_BALANCE"": true, ""CURRENCY_CONSISTENCY"": true, ""DATE_ORDER_VALIDITY"": true}"
PO_2070,AUTO_APPROVED,0.8959,True,TXN_1100,224360,224360,BNK_3076,224360,224360,,"{""PAYOUT_INTERNAL_EQUATION"": true, ""STAGE1_BALANCE"": true, ""STAGE2_BALANCE"": true, ""CURRENCY_CONSISTENCY"": true, ""DATE_ORDER_VALIDITY"": true}"
PO_2346,AUTO_APPROVED,0.8928,True,TXN_1464,44510,44510,BNK_3373,44510,44510,,"{""PAYOUT_INTERNAL_EQUATION"": true, ""STAGE1_BALANCE"": true, ""STAGE2_BALANCE"": true, ""CURRENCY_CONSISTENCY"": true, ""DATE_ORDER_VALIDITY"": true}"
PO_2260,AUTO_APPROVED,0.9061,True,TXN_1354,154680,154680,BNK_3286,154680,154680,,"{""PAYOUT_INTERNAL_EQUATION"": true, ""STAGE1_BALANCE"": true, ""STAGE2_BALANCE"": true, ""CURRENCY_CONSISTENCY"": true, ""DATE_ORDER_VALIDITY"": true}"
PO_2330,AUTO_APPROVED,0.8918,True,TXN_1442,154850,154850,BNK_3356,151196,151196,,"{""PAYOUT_INTERNAL_EQUATION"": true, ""STAGE1_BALANCE"": true, ""STAGE2_BALANCE"": true, ""CURRENCY_CONSISTENCY"": true, ""DATE_ORDER_VALIDITY"": true}"
PO_2034,NEEDS_REVIEW,0.6843,False,TXN_1047,103300,103300,BNK_3041,101234,101234,,"{""PAYOUT_INTERNAL_EQUATION"": true, ""STAGE1_BALANCE"": true, ""STAGE2_BALANCE"": true, ""CURRENCY_CONSISTENCY"": true, ""DATE_ORDER_VALIDITY"": true}"
PO_2082,AUTO_APPROVED,0.8955,True,TXN_1116,241350,241350,BNK_3089,235655,235655,,"{""PAYOUT_INTERNAL_EQUATION"": true, ""STAGE1_BALANCE"": true, ""STAGE2_BALANCE"": true, ""CURRENCY_CONSISTENCY"": true, ""DATE_ORDER_VALIDITY"": true}"
PO_2264,AUTO_APPROVED,0.8939,True,TXN_1359,181040,181040,BNK_3290,181040,181040,,"{""PAYOUT_INTERNAL_EQUATION"": true, ""STAGE1_BALANCE"": true, ""STAGE2_BALANCE"": true, ""CURRENCY_CONSISTENCY"": true, ""DATE_ORDER_VALIDITY"": true}"
PO_2029,NEEDS_REVIEW,0.7885,False,TXN_1042;TXN_1041;TXN_1040,306420,306420,BNK_3035,300293,300293,,"{""PAYOUT_INTERNAL_EQUATION"": true, ""STAGE1_BALANCE"": true, ""STAGE2_BALANCE"": true, ""CURRENCY_CONSISTENCY"": true, ""DATE_ORDER_VALIDITY"": true}"
PO_2192,AUTO_APPROVED,0.8953,True,TXN_1256,209080,209080,BNK_3212,209080,209080,,"{""PAYOUT_INTERNAL_EQUATION"": true, ""STAGE1_BALANCE"": true, ""STAGE2_BALANCE"": true, ""CURRENCY_CONSISTENCY"": true, ""DATE_ORDER_VALIDITY"": true}"
PO_2265,AUTO_APPROVED,0.8931,True,TXN_1360,240630,240630,BNK_3291,240630,240630,,"{""PAYOUT_INTERNAL_EQUATION"": true, ""STAGE1_BALANCE"": true, ""STAGE2_BALANCE"": true, ""CURRENCY_CONSISTENCY"": true, ""DATE_ORDER_VALIDITY"": true}"
PO_2353,AUTO_APPROVED,0.894,True,TXN_1474,214080,214080,BNK_3380,214080,214080,,"{""PAYOUT_INTERNAL_EQUATION"": true, ""STAGE1_BALANCE"": true, ""STAGE2_BALANCE"": true, ""CURRENCY_CONSISTENCY"": true, ""DATE_ORDER_VALIDITY"": true}"
PO_2209,AUTO_APPROVED,0.8952,True,TXN_1279,246060,246060,BNK_3230,240253,240253,,"{""PAYOUT_INTERNAL_EQUATION"": true, ""STAGE1_BALANCE"": true, ""STAGE2_BALANCE"": true, ""CURRENCY_CONSISTENCY"": true, ""DATE_ORDER_VALIDITY"": true}"
PO_2109,AUTO_APPROVED,0.891,True,TXN_1148,197320,197320,BNK_3121,192664,192664,,"{""PAYOUT_INTERNAL_EQUATION"": true, ""STAGE1_BALANCE"": true, ""STAGE2_BALANCE"": true, ""CURRENCY_CONSISTENCY"": true, ""DATE_ORDER_VALIDITY"": true}"
PO_2323,AUTO_APPROVED,0.8944,True,TXN_1435,236330,236330,BNK_3348,236330,236330,,"{""PAYOUT_INTERNAL_EQUATION"": true, ""STAGE1_BALANCE"": true, ""STAGE2_BALANCE"": true, ""CURRENCY_CONSISTENCY"": true, ""DATE_ORDER_VALIDITY"": true}"
PO_2097,AUTO_APPROVED,0.8184,True,TXN_1135,34920,34920,BNK_3105;BNK_3106,34222,34222,,"{""PAYOUT_INTERNAL_EQUATION"": true, ""STAGE1_BALANCE"": true, ""STAGE2_BALANCE"": true, ""CURRENCY_CONSISTENCY"": true, ""DATE_ORDER_VALIDITY"": true}"
PO_2046,AUTO_APPROVED,0.93,True,TXN_1061,79570,79570,BNK_3052,79570,79570,,"{""PAYOUT_INTERNAL_EQUATION"": true, ""STAGE1_BALANCE"": true, ""STAGE2_BALANCE"": true, ""CURRENCY_CONSISTENCY"": true, ""DATE_ORDER_VALIDITY"": true}"
PO_2310,AUTO_APPROVED,0.8958,True,TXN_1419,143650,143650,BNK_3335,143650,143650,,"{""PAYOUT_INTERNAL_EQUATION"": true, ""STAGE1_BALANCE"": true, ""STAGE2_BALANCE"": true, ""CURRENCY_CONSISTENCY"": true, ""DATE_ORDER_VALIDITY"": true}"
PO_2214,AUTO_APPROVED,0.8923,True,TXN_1287,135460,135460,BNK_3235,132264,132264,,"{""PAYOUT_INTERNAL_EQUATION"": true, ""STAGE1_BALANCE"": true, ""STAGE2_BALANCE"": true, ""CURRENCY_CONSISTENCY"": true, ""DATE_ORDER_VALIDITY"": true}"
PO_2335,NEEDS_REVIEW,0.7898,False,TXN_1452;TXN_1451;TXN_1450,354690,354690,BNK_3362,347598,347598,,"{""PAYOUT_INTERNAL_EQUATION"": true, ""STAGE1_BALANCE"": true, ""STAGE2_BALANCE"": true, ""CURRENCY_CONSISTENCY"": true, ""DATE_ORDER_VALIDITY"": true}"
PO_2165,AUTO_APPROVED,0.8768,True,TXN_1226,189720,189720,BNK_3183,189720,189720,,"{""PAYOUT_INTERNAL_EQUATION"": true, ""STAGE1_BALANCE"": true, ""STAGE2_BALANCE"": true, ""CURRENCY_CONSISTENCY"": true, ""DATE_ORDER_VALIDITY"": true}"
PO_2227,AUTO_APPROVED,0.93,True,TXN_1308,191860,191860,BNK_3250,191860,191860,,"{""PAYOUT_INTERNAL_EQUATION"": true, ""STAGE1_BALANCE"": true, ""STAGE2_BALANCE"": true, ""CURRENCY_CONSISTENCY"": true, ""DATE_ORDER_VALIDITY"": true}"
PO_2154,AUTO_APPROVED,0.8941,True,TXN_1212,241450,241450,BNK_3171,241450,241450,,"{""PAYOUT_INTERNAL_EQUATION"": true, ""STAGE1_BALANCE"": true, ""STAGE2_BALANCE"": true, ""CURRENCY_CONSISTENCY"": true, ""DATE_ORDER_VALIDITY"": true}"
PO_2069,AUTO_APPROVED,0.8984,True,TXN_1099,18190,18190,BNK_3075,18190,18190,,"{""PAYOUT_INTERNAL_EQUATION"": true, ""STAGE1_BALANCE"": true, ""STAGE2_BALANCE"": true, ""CURRENCY_CONSISTENCY"": true, ""DATE_ORDER_VALIDITY"": true}"
PO_2117,UNRESOLVED,0.9076,False,TXN_1159,150380,150380,BNK_3129,150380,150380,"Payout equation failed: gross=150,380 paise; fees=500 paise; refunds=0 paise; chargebacks=0 paise; expected net=149,880 paise; reported net=150,380 paise","{""PAYOUT_INTERNAL_EQUATION"": false, ""STAGE1_BALANCE"": true, ""STAGE2_BALANCE"": true, ""CURRENCY_CONSISTENCY"": true, ""DATE_ORDER_VALIDITY"": true}"
PO_2051,AUTO_APPROVED,0.8942,True,TXN_1069,138820,138820,BNK_3057,135544,135544,,"{""PAYOUT_INTERNAL_EQUATION"": true, ""STAGE1_BALANCE"": true, ""STAGE2_BALANCE"": true, ""CURRENCY_CONSISTENCY"": true, ""DATE_ORDER_VALIDITY"": true}"
PO_2252,AUTO_APPROVED,0.8955,True,TXN_1345,130680,130680,BNK_3276,130680,130680,,"{""PAYOUT_INTERNAL_EQUATION"": true, ""STAGE1_BALANCE"": true, ""STAGE2_BALANCE"": true, ""CURRENCY_CONSISTENCY"": true, ""DATE_ORDER_VALIDITY"": true}"
PO_2144,AUTO_APPROVED,0.8939,True,TXN_1202,145920,145920,BNK_3159,142477,142477,,"{""PAYOUT_INTERNAL_EQUATION"": true, ""STAGE1_BALANCE"": true, ""STAGE2_BALANCE"": true, ""CURRENCY_CONSISTENCY"": true, ""DATE_ORDER_VALIDITY"": true}"
PO_2160,NEEDS_REVIEW,0.7901,False,TXN_1220;TXN_1219;TXN_1218,338510,338510,BNK_3178,331742,331742,,"{""PAYOUT_INTERNAL_EQUATION"": true, ""STAGE1_BALANCE"": true, ""STAGE2_BALANCE"": true, ""CURRENCY_CONSISTENCY"": true, ""DATE_ORDER_VALIDITY"": true}"
PO_2156,AUTO_APPROVED,0.8948,True,TXN_1214,75630,75630,BNK_3174,75630,75630,,"{""PAYOUT_INTERNAL_EQUATION"": true, ""STAGE1_BALANCE"": true, ""STAGE2_BALANCE"": true, ""CURRENCY_CONSISTENCY"": true, ""DATE_ORDER_VALIDITY"": true}"
PO_2173,AUTO_APPROVED,0.8955,True,TXN_1237,217100,217100,BNK_3191,211977,211977,,"{""PAYOUT_INTERNAL_EQUATION"": true, ""STAGE1_BALANCE"": true, ""STAGE2_BALANCE"": true, ""CURRENCY_CONSISTENCY"": true, ""DATE_ORDER_VALIDITY"": true}"
PO_2011,AUTO_APPROVED,0.8944,True,TXN_1016,50750,50750,BNK_3014,50750,50750,,"{""PAYOUT_INTERNAL_EQUATION"": true, ""STAGE1_BALANCE"": true, ""STAGE2_BALANCE"": true, ""CURRENCY_CONSISTENCY"": true, ""DATE_ORDER_VALIDITY"": true}"
PO_2191,AUTO_APPROVED,0.8973,True,TXN_1255,143690,143690,BNK_3211,143690,143690,,"{""PAYOUT_INTERNAL_EQUATION"": true, ""STAGE1_BALANCE"": true, ""STAGE2_BALANCE"": true, ""CURRENCY_CONSISTENCY"": true, ""DATE_ORDER_VALIDITY"": true}"
PO_2138,AUTO_APPROVED,0.8984,True,TXN_1193,91950,91950,BNK_3152,91950,91950,,"{""PAYOUT_INTERNAL_EQUATION"": true, ""STAGE1_BALANCE"": true, ""STAGE2_BALANCE"": true, ""CURRENCY_CONSISTENCY"": true, ""DATE_ORDER_VALIDITY"": true}"
PO_2244,AUTO_APPROVED,0.8937,True,TXN_1332,247770,247770,BNK_3267,247770,247770,,"{""PAYOUT_INTERNAL_EQUATION"": true, ""STAGE1_BALANCE"": true, ""STAGE2_BALANCE"": true, ""CURRENCY_CONSISTENCY"": true, ""DATE_ORDER_VALIDITY"": true}"
PO_2026,NEEDS_REVIEW,0.6843,False,TXN_1037,50930,50930,BNK_3031,49912,49912,,"{""PAYOUT_INTERNAL_EQUATION"": true, ""STAGE1_BALANCE"": true, ""STAGE2_BALANCE"": true, ""CURRENCY_CONSISTENCY"": true, ""DATE_ORDER_VALIDITY"": true}"
PO_2122,NEEDS_REVIEW,0.7891,False,TXN_1167;TXN_1166;TXN_1165;TXN_1164,276750,276750,BNK_3135,271217,271217,,"{""PAYOUT_INTERNAL_EQUATION"": true, ""STAGE1_BALANCE"": true, ""STAGE2_BALANCE"": true, ""CURRENCY_CONSISTENCY"": true, ""DATE_ORDER_VALIDITY"": true}"
PO_2170,NEEDS_REVIEW,0.7881,False,TXN_1234;TXN_1233;TXN_1232;TXN_1231,234230,234230,BNK_3188,229548,229548,,"{""PAYOUT_INTERNAL_EQUATION"": true, ""STAGE1_BALANCE"": true, ""STAGE2_BALANCE"": true, ""CURRENCY_CONSISTENCY"": true, ""DATE_ORDER_VALIDITY"": true}"
PO_2203,AUTO_APPROVED,0.8184,True,TXN_1272,112450,112450,BNK_3223;BNK_3224,110201,110201,,"{""PAYOUT_INTERNAL_EQUATION"": true, ""STAGE1_BALANCE"": true, ""STAGE2_BALANCE"": true, ""CURRENCY_CONSISTENCY"": true, ""DATE_ORDER_VALIDITY"": true}"
PO_2349,NEEDS_REVIEW,0.7872,False,TXN_1470;TXN_1469;TXN_1468;TXN_1467,224410,224410,BNK_3376,219923,219923,,"{""PAYOUT_INTERNAL_EQUATION"": true, ""STAGE1_BALANCE"": true, ""STAGE2_BALANCE"": true, ""CURRENCY_CONSISTENCY"": true, ""DATE_ORDER_VALIDITY"": true}"
PO_2206,AUTO_APPROVED,0.8924,True,TXN_1276,148580,148580,BNK_3227,115893,115893,,"{""PAYOUT_INTERNAL_EQUATION"": true, ""STAGE1_BALANCE"": true, ""STAGE2_BALANCE"": true, ""CURRENCY_CONSISTENCY"": true, ""DATE_ORDER_VALIDITY"": true}"
PO_2351,AUTO_APPROVED,0.8938,True,TXN_1472,204090,204090,BNK_3378,204090,204090,,"{""PAYOUT_INTERNAL_EQUATION"": true, ""STAGE1_BALANCE"": true, ""STAGE2_BALANCE"": true, ""CURRENCY_CONSISTENCY"": true, ""DATE_ORDER_VALIDITY"": true}"
PO_2317,AUTO_APPROVED,0.8949,True,TXN_1429,217320,217320,BNK_3342,212192,212192,,"{""PAYOUT_INTERNAL_EQUATION"": true, ""STAGE1_BALANCE"": true, ""STAGE2_BALANCE"": true, ""CURRENCY_CONSISTENCY"": true, ""DATE_ORDER_VALIDITY"": true}"
PO_2074,AUTO_APPROVED,0.8942,True,TXN_1105,142640,142640,BNK_3080,139274,139274,,"{""PAYOUT_INTERNAL_EQUATION"": true, ""STAGE1_BALANCE"": true, ""STAGE2_BALANCE"": true, ""CURRENCY_CONSISTENCY"": true, ""DATE_ORDER_VALIDITY"": true}"
PO_2207,AUTO_APPROVED,0.8965,True,TXN_1277,190870,190870,BNK_3228,190870,190870,,"{""PAYOUT_INTERNAL_EQUATION"": true, ""STAGE1_BALANCE"": true, ""STAGE2_BALANCE"": true, ""CURRENCY_CONSISTENCY"": true, ""DATE_ORDER_VALIDITY"": true}"
PO_2142,AUTO_APPROVED,0.8184,True,TXN_1200,184680,184680,BNK_3156;BNK_3157,180987,180987,,"{""PAYOUT_INTERNAL_EQUATION"": true, ""STAGE1_BALANCE"": true, ""STAGE2_BALANCE"": true, ""CURRENCY_CONSISTENCY"": true, ""DATE_ORDER_VALIDITY"": true}"
PO_2089,AUTO_APPROVED,0.8768,True,TXN_1125,102430,102430,BNK_3097,102430,102430,,"{""PAYOUT_INTERNAL_EQUATION"": true, ""STAGE1_BALANCE"": true, ""STAGE2_BALANCE"": true, ""CURRENCY_CONSISTENCY"": true, ""DATE_ORDER_VALIDITY"": true}"
PO_2020,AUTO_APPROVED,0.8768,True,TXN_1030,127360,127360,BNK_3025,127360,127360,,"{""PAYOUT_INTERNAL_EQUATION"": true, ""STAGE1_BALANCE"": true, ""STAGE2_BALANCE"": true, ""CURRENCY_CONSISTENCY"": true, ""DATE_ORDER_VALIDITY"": true}"
PO_2243,AUTO_APPROVED,0.9061,True,TXN_1331,181480,181480,BNK_3266,181480,181480,,"{""PAYOUT_INTERNAL_EQUATION"": true, ""STAGE1_BALANCE"": true, ""STAGE2_BALANCE"": true, ""CURRENCY_CONSISTENCY"": true, ""DATE_ORDER_VALIDITY"": true}"
PO_2312,AUTO_APPROVED,0.8918,True,TXN_1423,19510,19510,BNK_3337,19510,19510,,"{""PAYOUT_INTERNAL_EQUATION"": true, ""STAGE1_BALANCE"": true, ""STAGE2_BALANCE"": true, ""CURRENCY_CONSISTENCY"": true, ""DATE_ORDER_VALIDITY"": true}"
PO_2293,AUTO_APPROVED,0.8963,True,TXN_1399,30210,30210,BNK_3319,30210,30210,,"{""PAYOUT_INTERNAL_EQUATION"": true, ""STAGE1_BALANCE"": true, ""STAGE2_BALANCE"": true, ""CURRENCY_CONSISTENCY"": true, ""DATE_ORDER_VALIDITY"": true}"
PO_2249,NEEDS_REVIEW,0.7911,False,TXN_1342;TXN_1341;TXN_1340,352720,352720,BNK_3273,345667,345667,,"{""PAYOUT_INTERNAL_EQUATION"": true, ""STAGE1_BALANCE"": true, ""STAGE2_BALANCE"": true, ""CURRENCY_CONSISTENCY"": true, ""DATE_ORDER_VALIDITY"": true}"
PO_2336,UNRESOLVED,0.0,False,TXN_1453,48480,48480,,0,48480,STAGE2_NO_VALID_BANK_ENTRIES_MATCHED,"{""PAYOUT_INTERNAL_EQUATION"": true, ""STAGE1_BALANCE"": true, ""STAGE2_BALANCE"": false, ""CURRENCY_CONSISTENCY"": true, ""DATE_ORDER_VALIDITY"": true}"
PO_2197,AUTO_APPROVED,0.8925,True,TXN_1264,229350,229350,BNK_3217,229350,229350,,"{""PAYOUT_INTERNAL_EQUATION"": true, ""STAGE1_BALANCE"": true, ""STAGE2_BALANCE"": true, ""CURRENCY_CONSISTENCY"": true, ""DATE_ORDER_VALIDITY"": true}"
PO_2136,AUTO_APPROVED,0.8957,True,TXN_1191,112660,112660,BNK_3150,112660,112660,,"{""PAYOUT_INTERNAL_EQUATION"": true, ""STAGE1_BALANCE"": true, ""STAGE2_BALANCE"": true, ""CURRENCY_CONSISTENCY"": true, ""DATE_ORDER_VALIDITY"": true}"
PO_2211,UNRESOLVED,0.9076,False,TXN_1284,182650,182650,BNK_3232,182650,182650,"Payout equation failed: gross=182,650 paise; fees=500 paise; refunds=0 paise; chargebacks=0 paise; expected net=182,150 paise; reported net=182,650 paise","{""PAYOUT_INTERNAL_EQUATION"": false, ""STAGE1_BALANCE"": true, ""STAGE2_BALANCE"": true, ""CURRENCY_CONSISTENCY"": true, ""DATE_ORDER_VALIDITY"": true}"
PO_2177,AUTO_APPROVED,0.8924,True,TXN_1241,123560,123560,BNK_3196,96377,96377,,"{""PAYOUT_INTERNAL_EQUATION"": true, ""STAGE1_BALANCE"": true, ""STAGE2_BALANCE"": true, ""CURRENCY_CONSISTENCY"": true, ""DATE_ORDER_VALIDITY"": true}"
PO_2275,AUTO_APPROVED,0.8965,True,TXN_1372,126590,126590,BNK_3300,126590,126590,,"{""PAYOUT_INTERNAL_EQUATION"": true, ""STAGE1_BALANCE"": true, ""STAGE2_BALANCE"": true, ""CURRENCY_CONSISTENCY"": true, ""DATE_ORDER_VALIDITY"": true}"
PO_2147,AUTO_APPROVED,0.8938,True,TXN_1205,189050,189050,BNK_3162,189050,189050,,"{""PAYOUT_INTERNAL_EQUATION"": true, ""STAGE1_BALANCE"": true, ""STAGE2_BALANCE"": true, ""CURRENCY_CONSISTENCY"": true, ""DATE_ORDER_VALIDITY"": true}"
PO_2364,AUTO_APPROVED,0.8917,True,TXN_1493,16580,16580,BNK_3392,16580,16580,,"{""PAYOUT_INTERNAL_EQUATION"": true, ""STAGE1_BALANCE"": true, ""STAGE2_BALANCE"": true, ""CURRENCY_CONSISTENCY"": true, ""DATE_ORDER_VALIDITY"": true}"
PO_2289,AUTO_APPROVED,0.8926,True,TXN_1392,84690,84690,BNK_3315,84690,84690,,"{""PAYOUT_INTERNAL_EQUATION"": true, ""STAGE1_BALANCE"": true, ""STAGE2_BALANCE"": true, ""CURRENCY_CONSISTENCY"": true, ""DATE_ORDER_VALIDITY"": true}"
PO_2055,NEEDS_REVIEW,0.6843,False,TXN_1073,173900,173900,BNK_3061,170422,170422,,"{""PAYOUT_INTERNAL_EQUATION"": true, ""STAGE1_BALANCE"": true, ""STAGE2_BALANCE"": true, ""CURRENCY_CONSISTENCY"": true, ""DATE_ORDER_VALIDITY"": true}"
PO_2052,NEEDS_REVIEW,0.6843,False,TXN_1070,226940,226940,BNK_3058,222402,222402,,"{""PAYOUT_INTERNAL_EQUATION"": true, ""STAGE1_BALANCE"": true, ""STAGE2_BALANCE"": true, ""CURRENCY_CONSISTENCY"": true, ""DATE_ORDER_VALIDITY"": true}"
PO_2299,AUTO_APPROVED,0.8971,True,TXN_1406,93390,93390,BNK_3325,91186,91186,,"{""PAYOUT_INTERNAL_EQUATION"": true, ""STAGE1_BALANCE"": true, ""STAGE2_BALANCE"": true, ""CURRENCY_CONSISTENCY"": true, ""DATE_ORDER_VALIDITY"": true}"
PO_2302,AUTO_APPROVED,0.8947,True,TXN_1409,60560,60560,BNK_3328,59131,59131,,"{""PAYOUT_INTERNAL_EQUATION"": true, ""STAGE1_BALANCE"": true, ""STAGE2_BALANCE"": true, ""CURRENCY_CONSISTENCY"": true, ""DATE_ORDER_VALIDITY"": true}"
PO_2291,NEEDS_REVIEW,0.7885,False,TXN_1397;TXN_1396;TXN_1395;TXN_1394,292900,292900,BNK_3317,287043,287043,,"{""PAYOUT_INTERNAL_EQUATION"": true, ""STAGE1_BALANCE"": true, ""STAGE2_BALANCE"": true, ""CURRENCY_CONSISTENCY"": true, ""DATE_ORDER_VALIDITY"": true}"
PO_2076,AUTO_APPROVED,0.8957,True,TXN_1107,199140,199140,BNK_3082,199140,199140,,"{""PAYOUT_INTERNAL_EQUATION"": true, ""STAGE1_BALANCE"": true, ""STAGE2_BALANCE"": true, ""CURRENCY_CONSISTENCY"": true, ""DATE_ORDER_VALIDITY"": true}"
PO_2077,AUTO_APPROVED,0.93,True,TXN_1108,191720,191720,BNK_3083,191720,191720,,"{""PAYOUT_INTERNAL_EQUATION"": true, ""STAGE1_BALANCE"": true, ""STAGE2_BALANCE"": true, ""CURRENCY_CONSISTENCY"": true, ""DATE_ORDER_VALIDITY"": true}"
